domain	method	n	leakage	recall	iou	precision	boundary_f	tip_coverage	area
synthetic_val	moge2	1500	0.2787251159776301	0.9886917383610487	0.5811908041579502	0.590072006297175	0.4874174018027223	0.9075555555555556	0.5751697102507913
synthetic_val	dino	1500	0.11553371546475652	0.9618759649217891	0.6147745956655297	0.6185910170711308	0.4629978769680237	0.7164444444444443	0.37232724616508406
synthetic_val	and	1500	0.06986319577614919	0.951602345647179	0.7746654773150291	0.787727205400024	0.7750070904020866	0.6693333333333333	0.29411383004626246
synthetic_val	or	1500	0.3142086044678295	0.9989653576356587	0.4324977685369559	0.43286809949250027	0.1758646728395713	0.9546666666666667	0.6533831263696128
synthetic_val	avg	1500	0.27784873222790224	0.9919928440614666	0.5722454316116077	0.5780032339369373	0.4845816785805795	0.9144444444444444	0.5782958363769174
lightbox	moge2	1000	0.5233421060093014	0.9966992981224494	0.29052135787608185	0.2920502022820136	0.09801658177030663	0.9586666666666668	0.8911075602629658
lightbox	dino	1000	0.13852622394996092	0.9800943928573868	0.5622849870407404	0.5649065913117745	0.3159061704829798	0.792	0.40606975894813735
lightbox	and	1000	0.11928425908921204	0.9771371784124432	0.5993178885566706	0.6036550167433886	0.3933397216218905	0.7706666666666666	0.38172972972972974
lightbox	or	1000	0.5367103823540429	0.999656512567393	0.25924532872559686	0.2592955734465568	0.0197634587769488	0.98	0.9154475894813733
lightbox	avg	1000	0.5225094015102362	0.9972182413005837	0.28907488706987405	0.2902214916511117	0.09552080817847233	0.9626666666666667	0.8909780861943023
sunlamp	moge2	1000	0.5649909914773216	0.99976321168154	0.24168909949987916	0.24173755355440618	0.03994786881532548	0.9876666666666666	0.9588518991964938
sunlamp	dino	1000	0.12115753878796644	0.9939836239125323	0.5858171374930993	0.589360098985381	0.30441785852477504	0.6366666666666666	0.41488221329437547
sunlamp	and	1000	0.1160010748045564	0.9937770844233441	0.5932786499532561	0.5968925153020472	0.3286833964469547	0.6316666666666666	0.4055757852447041
sunlamp	or	1000	0.5672227771764737	0.9999697511707282	0.23771909603402816	0.23772238768296816	0.010452788196867981	0.9926666666666666	0.968158327246165
sunlamp	avg	1000	0.5641109183034815	0.9998189622905611	0.24196433920736166	0.24199804069562997	0.03757584652905128	0.9873333333333333	0.957745069393718
synthetic_train	moge2	6000	0.2838606481545012	0.9875534525080815	0.5746219122148115	0.5842857086838453	0.48098288857850524	0.9124444444444444	0.5785495799853907
synthetic_train	dino	6000	0.11337149933005025	0.9666202600612016	0.616310012130413	0.6200834752018476	0.4596709998098675	0.7206666666666667	0.36826010469929393
synthetic_train	and	6000	0.06517018609763449	0.9552661981258661	0.7780075041041349	0.7919181034044969	0.7758991418641054	0.6771666666666667	0.28951046992938884
synthetic_train	or	6000	0.3212302664343493	0.9989075144434165	0.4246271236452348	0.42498453788116275	0.16514192904624497	0.9559444444444444	0.657299214755296
synthetic_train	avg	6000	0.2828861480225727	0.9911250938267332	0.5657648952092751	0.5720763212296051	0.47817890518129835	0.9155	0.5816194302410518
