audit	domain	n	dino_mean_deg	vggt_mean_deg	spearman_err	both_lt10	dino_only_lt10	vggt_only_lt10	neither_lt10	oracle_of_two_acc@10	root_agree	L2_prefix_agree	pred_pred_dist_median_deg	agree_frac(dist<20)	dino_acc_when_agree	dino_acc_when_disagree	vggt_acc_when_disagree
EXP-012 (VGGT l11_cam+mean)	lightbox	1000.0	76.10155288333334	101.49790302966666	0.2758351115128648	0.002	0.0343333333333333	0.0083333333333333	0.9553333333333331	0.0446666666666666	0.5203333333333333	0.0763333333333333	98.67227569698524	0.0426666666666666	0.1335486649440137	0.0320527216559893	0.0083562140177729
EXP-012 (VGGT l11_cam+mean)	sunlamp	1000.0	79.12649583666666	106.86649285	0.165803700672854	0.0	0.015	0.0026666666666666	0.9823333333333334	0.0176666666666666	0.504	0.043	110.93753279233208	0.0163333333333333	0.0208333333333333	0.0149110074518853	0.0023712737127371
EXP-012 (VGGT l11_cam+mean)	synthetic_val	1500.0	27.67855	48.700235462222224	0.3118221760552515	0.0451111111111111	0.1562222222222222	0.0771111111111111	0.7215555555555556	0.2784444444444444	0.8079999999999999	0.3857777777777778	32.454856139823185	0.2975555555555556	0.3538592068658884	0.1368976501712524	0.0411157994849336
EXP-012b (VGGT grid4)	lightbox	1000.0	76.10155288333334	86.65860291000001	0.2975526828524849	0.0026666666666666	0.0336666666666666	0.0249999999999999	0.9386666666666666	0.0613333333333333	0.5443333333333333	0.108	90.83071149528617	0.0623333333333333	0.1588458110516934	0.0281229566279637	0.0216863820225765
EXP-012b (VGGT grid4)	sunlamp	1000.0	79.12649583666666	92.49906831333334	0.1440611964122528	0.001	0.014	0.0119999999999999	0.973	0.027	0.4716666666666667	0.072	106.51635288299684	0.0373333333333333	0.063063063063063	0.0131594570846907	0.0107335948457443
EXP-012b (VGGT grid4)	synthetic_val	1500.0	27.67855	49.11817369711111	0.3840078074794757	0.0486666666666666	0.1526666666666666	0.0677777777777777	0.7308888888888889	0.2691111111111111	0.8006666666666667	0.3984444444444444	32.60980951708921	0.2968888888888889	0.3758290279535606	0.127422441275864	0.0334992471400288
EXP-014 (MoGe-2 grid4)	lightbox	1000.0	76.10155288333334	83.34820221333334	0.3285952235524361	0.0033333333333333	0.033	0.0166666666666666	0.947	0.053	0.5670000000000001	0.1213333333333333	85.29676405785203	0.0666666666666666	0.1332578135284377	0.0295706402116386	0.013909947736907
EXP-014 (MoGe-2 grid4)	sunlamp	1000.0	79.12649583666666	83.85624000333334	0.2842610497809421	0.001	0.0139999999999999	0.0143333333333333	0.9706666666666668	0.0293333333333333	0.5536666666666666	0.1086666666666666	91.54975544025672	0.0606666666666666	0.055994250468514	0.0124292375535151	0.0127868913446452
EXP-014 (MoGe-2 grid4)	synthetic_val	1500.0	27.67855	39.59641072111111	0.3760554827727082	0.0662222222222222	0.1351111111111111	0.088	0.7106666666666666	0.2893333333333333	0.8368888888888889	0.4615555555555555	27.27900730512404	0.3673333333333333	0.3546700431113882	0.1122089201344276	0.0555097677288834
