device,batch,depth_L,hypotheses_K,head,params,median_ms,p95_ms,per_image_ms,iters,dev
NVIDIA RTX A400,1,2,256,tesseract_beam1,9025932,0.6389225018210709,0.8397206984227523,0.6389225018210709,200,RTX A400
NVIDIA RTX A400,1,2,256,tesseract_beam4,9025932,0.673868489684537,0.7360220595728583,0.673868489684537,200,RTX A400
NVIDIA RTX A400,1,2,256,flat_argmax,8815872,0.4180730029474944,0.4211839608615264,0.4180730029474944,200,RTX A400
NVIDIA RTX A400,1,3,2048,tesseract_beam1,9026060,0.7422695052810013,0.8911029450246122,0.7422695052810013,200,RTX A400
NVIDIA RTX A400,1,3,2048,tesseract_beam4,9026060,0.8249819948105142,0.8717730568605452,0.8249819948105142,200,RTX A400
NVIDIA RTX A400,1,3,2048,flat_argmax,9735168,0.506192009197548,0.5081296170828864,0.506192009197548,200,RTX A400
NVIDIA RTX A400,1,4,16384,tesseract_beam1,9026188,0.9819515107665212,1.000888091220986,0.9819515107665212,200,RTX A400
NVIDIA RTX A400,1,4,16384,tesseract_beam4,9026188,1.0865560034289956,1.1137068519019522,1.0865560034289956,200,RTX A400
NVIDIA RTX A400,1,4,16384,flat_argmax,17089536,0.774846994318068,0.7792922129738145,0.774846994318068,200,RTX A400
NVIDIA RTX A400,1,5,131072,tesseract_beam1,9026316,1.2145785003667695,1.2410527036990966,1.2145785003667695,200,RTX A400
NVIDIA RTX A400,1,5,131072,tesseract_beam4,9026316,1.3474779989337549,1.3850351228029465,1.3474779989337549,200,RTX A400
NVIDIA RTX A400,1,5,131072,flat_argmax,75924480,3.320460513350554,3.331570806039963,3.320460513350554,200,RTX A400
NVIDIA RTX A400,1,6,1048576,tesseract_beam1,9026444,1.45148100273218,1.482661823683884,1.45148100273218,200,RTX A400
NVIDIA RTX A400,1,6,1048576,tesseract_beam4,9026444,1.610217004781589,1.6420078492956236,1.610217004781589,200,RTX A400
NVIDIA RTX A400,1,6,1048576,flat_argmax,546604032,23.555091494927183,23.56527335505234,23.555091494927183,200,RTX A400
NVIDIA RTX A400,256,2,256,tesseract_beam1,9025932,3.916154484613799,4.028397024376318,0.0152974784555226,200,RTX A400
NVIDIA RTX A400,256,2,256,tesseract_beam4,9025932,4.9035739939427,4.995171191694681,0.0191545859138386,200,RTX A400
NVIDIA RTX A400,256,2,256,flat_argmax,8815872,3.425685994443484,3.4738473026664,0.0133815859157948,200,RTX A400
NVIDIA RTX A400,256,3,2048,tesseract_beam1,9026060,4.204600496450439,4.327229448244907,0.0164242206892595,200,RTX A400
NVIDIA RTX A400,256,3,2048,tesseract_beam4,9026060,5.707780001102947,5.7777905560215,0.0222960156293083,200,RTX A400
NVIDIA RTX A400,256,3,2048,flat_argmax,9735168,3.7964474904583767,3.8791704151663,0.014829873009603,200,RTX A400
NVIDIA RTX A400,256,4,16384,tesseract_beam1,9026188,4.507529505644925,4.591518295637798,0.0176075371314254,200,RTX A400
NVIDIA RTX A400,256,4,16384,tesseract_beam4,9026188,6.477664515841752,6.541965631186031,0.0253033770150068,200,RTX A400
NVIDIA RTX A400,256,4,16384,flat_argmax,17089536,6.181145989103243,6.417876464547589,0.0241451015199345,200,RTX A400
NVIDIA RTX A400,256,5,131072,tesseract_beam1,9026316,4.789473983692005,4.918914592417423,0.0187088827487968,200,RTX A400
NVIDIA RTX A400,256,5,131072,tesseract_beam4,9026316,7.282391001353972,7.423540347372182,0.0284468398490389,200,RTX A400
NVIDIA RTX A400,256,5,131072,flat_argmax,75924480,26.31243500218261,27.013003248430323,0.1027829492272758,200,RTX A400
NVIDIA RTX A400,256,6,1048576,tesseract_beam1,9026444,5.109327510581352,5.207722091290634,0.0199583105882084,200,RTX A400
NVIDIA RTX A400,256,6,1048576,tesseract_beam4,9026444,8.121767503325827,8.25437443854753,0.0317256543098665,200,RTX A400
NVIDIA RTX A400,256,6,1048576,flat_argmax,546604032,185.5174454831285,189.0306964225601,0.7246775214184709,200,RTX A400
CPU (1 thread),1,2,256,tesseract_beam1,9025932,1.3701024872716516,1.6348438497516322,1.3701024872716516,200,CPU (1 thread)
CPU (1 thread),1,2,256,tesseract_beam4,9025932,1.4142009895294905,1.745550167106557,1.4142009895294905,200,CPU (1 thread)
CPU (1 thread),1,2,256,flat_argmax,8815872,0.9829929913394152,1.0769836022518573,0.9829929913394152,200,CPU (1 thread)
CPU (1 thread),1,3,2048,tesseract_beam1,9026060,1.5002879954408854,1.816278246406,1.5002879954408854,200,CPU (1 thread)
CPU (1 thread),1,3,2048,tesseract_beam4,9026060,1.58852749154903,1.8119418498827145,1.58852749154903,200,CPU (1 thread)
CPU (1 thread),1,3,2048,flat_argmax,9735168,1.152276512584649,1.2183111437479963,1.152276512584649,200,CPU (1 thread)
CPU (1 thread),1,4,16384,tesseract_beam1,9026188,1.636916000279598,2.105101433699019,1.636916000279598,200,CPU (1 thread)
CPU (1 thread),1,4,16384,tesseract_beam4,9026188,1.753293996443972,1.994570008537266,1.753293996443972,200,CPU (1 thread)
CPU (1 thread),1,4,16384,flat_argmax,17089536,2.2596689959755167,2.6517996811890043,2.2596689959755167,200,CPU (1 thread)
CPU (1 thread),1,5,131072,tesseract_beam1,9026316,1.7460259841755033,2.023275411920622,1.7460259841755033,200,CPU (1 thread)
CPU (1 thread),1,5,131072,tesseract_beam4,9026316,1.922445502714254,2.0331634979811497,1.922445502714254,200,CPU (1 thread)
CPU (1 thread),1,5,131072,flat_argmax,75924480,12.160365498857573,12.901085245539434,12.160365498857573,200,CPU (1 thread)
CPU (1 thread),1,6,1048576,tesseract_beam1,9026444,1.863350480562076,2.0394627863424826,1.863350480562076,200,CPU (1 thread)
CPU (1 thread),1,6,1048576,tesseract_beam4,9026444,2.096766504109837,2.549498129519634,2.096766504109837,200,CPU (1 thread)
CPU (1 thread),1,6,1048576,flat_argmax,546604032,91.78058950055856,93.36372924444731,91.78058950055856,200,CPU (1 thread)
CPU (1 thread),256,2,256,tesseract_beam1,9025932,34.57835500012152,34.831408293393906,0.1350716992192246,200,CPU (1 thread)
CPU (1 thread),256,2,256,tesseract_beam4,9025932,42.52206349337939,42.756780357740354,0.1661018105210132,200,CPU (1 thread)
CPU (1 thread),256,2,256,flat_argmax,8815872,31.601174996467307,31.76537299004849,0.1234420898299504,200,CPU (1 thread)
CPU (1 thread),256,3,2048,tesseract_beam1,9026060,35.74470950115938,36.026363192650024,0.1396277714889038,200,CPU (1 thread)
CPU (1 thread),256,3,2048,tesseract_beam4,9026060,47.6968405127991,48.30851134465775,0.1863157832531214,200,CPU (1 thread)
CPU (1 thread),256,3,2048,flat_argmax,9735168,35.43278100551106,35.64810383686563,0.1384093008027775,200,CPU (1 thread)
CPU (1 thread),256,4,16384,tesseract_beam1,9026188,37.366630509495735,37.7351219416596,0.1459634004277177,200,CPU (1 thread)
CPU (1 thread),256,4,16384,tesseract_beam4,9026188,53.01440901530441,53.41431959386682,0.2070875352160328,200,CPU (1 thread)
CPU (1 thread),256,4,16384,flat_argmax,17089536,64.0869089984335,64.7521718434291,0.2503394882751308,200,CPU (1 thread)
CPU (1 thread),256,5,131072,tesseract_beam1,9026316,38.62015949562192,38.930765572877135,0.1508599980297731,200,CPU (1 thread)
CPU (1 thread),256,5,131072,tesseract_beam4,9026316,58.06176600162871,58.42067960620625,0.2268037734438621,200,CPU (1 thread)
CPU (1 thread),256,5,131072,flat_argmax,75924480,345.77996699954383,355.7511451886967,1.350702996091968,173,CPU (1 thread)
CPU (1 thread),256,6,1048576,tesseract_beam1,9026444,40.61735649884213,41.03541620861506,0.158661548823602,200,CPU (1 thread)
CPU (1 thread),256,6,1048576,tesseract_beam4,9026444,63.806635997025296,64.16373779793503,0.24924467186338,200,CPU (1 thread)
CPU (1 thread),256,6,1048576,flat_argmax,546604032,2583.8585769961355,2602.90348038543,10.093197566391154,24,CPU (1 thread)
NVIDIA RTX 6000 Ada Generation,1,2,256,tesseract_beam1,9025932,0.4990340094082057,0.5186663634958677,0.4990340094082057,200,RTX 6000 Ada
NVIDIA RTX 6000 Ada Generation,1,2,256,tesseract_beam4,9025932,0.530720004462637,0.5425420924439095,0.530720004462637,200,RTX 6000 Ada
NVIDIA RTX 6000 Ada Generation,1,2,256,flat_argmax,8815872,0.0535265135113149,0.0540636552614159,0.0535265135113149,200,RTX 6000 Ada
NVIDIA RTX 6000 Ada Generation,1,3,2048,tesseract_beam1,9026060,0.7481700013158843,0.7645228557521477,0.7481700013158843,200,RTX 6000 Ada
NVIDIA RTX 6000 Ada Generation,1,3,2048,tesseract_beam4,9026060,0.7948944985400885,0.8106290391879156,0.7948944985400885,200,RTX 6000 Ada
NVIDIA RTX 6000 Ada Generation,1,3,2048,flat_argmax,9735168,0.0577364990022033,0.0584190856898203,0.0577364990022033,200,RTX 6000 Ada
NVIDIA RTX 6000 Ada Generation,1,4,16384,tesseract_beam1,9026188,0.9909320069709792,1.0084502573590726,0.9909320069709792,200,RTX 6000 Ada
NVIDIA RTX 6000 Ada Generation,1,4,16384,tesseract_beam4,9026188,1.0519639909034595,1.069304255361203,1.0519639909034595,200,RTX 6000 Ada
NVIDIA RTX 6000 Ada Generation,1,4,16384,flat_argmax,17089536,0.0595370074734091,0.0601816878770478,0.0595370074734091,200,RTX 6000 Ada
NVIDIA RTX 6000 Ada Generation,1,5,131072,tesseract_beam1,9026316,1.2328929879004136,1.2568096208269708,1.2328929879004136,200,RTX 6000 Ada
NVIDIA RTX 6000 Ada Generation,1,5,131072,tesseract_beam4,9026316,1.3091215078020468,1.336271857144311,1.3091215078020468,200,RTX 6000 Ada
NVIDIA RTX 6000 Ada Generation,1,5,131072,flat_argmax,75924480,0.3977199958171695,0.3987859818153083,0.3977199958171695,200,RTX 6000 Ada
NVIDIA RTX 6000 Ada Generation,1,6,1048576,tesseract_beam1,9026444,1.4720210019731894,1.5103149140486494,1.4720210019731894,200,RTX 6000 Ada
NVIDIA RTX 6000 Ada Generation,1,6,1048576,tesseract_beam4,9026444,1.544179511256516,1.583645396749489,1.544179511256516,200,RTX 6000 Ada
NVIDIA RTX 6000 Ada Generation,1,6,1048576,flat_argmax,546604032,2.534407496568747,2.5451472407439724,2.534407496568747,200,RTX 6000 Ada
NVIDIA RTX 6000 Ada Generation,256,2,256,tesseract_beam1,9025932,0.5376275221351534,0.8554644984542388,0.0021001075083404,200,RTX 6000 Ada
NVIDIA RTX 6000 Ada Generation,256,2,256,tesseract_beam4,9025932,0.5724920047214255,0.5899269002838992,0.002236296893443,200,RTX 6000 Ada
NVIDIA RTX 6000 Ada Generation,256,2,256,flat_argmax,8815872,0.2314210141776129,0.2363777588470839,0.0009039883366313,200,RTX 6000 Ada
NVIDIA RTX 6000 Ada Generation,256,3,2048,tesseract_beam1,9026060,0.7954324973979965,0.8138550445437431,0.0031071581929609,200,RTX 6000 Ada
NVIDIA RTX 6000 Ada Generation,256,3,2048,tesseract_beam4,9026060,0.8585320028942078,0.8761060365941375,0.0033536406363054,200,RTX 6000 Ada
NVIDIA RTX 6000 Ada Generation,256,3,2048,flat_argmax,9735168,0.2384849940426647,0.2428478343063034,0.0009315820079791,200,RTX 6000 Ada
NVIDIA RTX 6000 Ada Generation,256,4,16384,tesseract_beam1,9026188,1.054674998158589,1.1119671966298483,0.0041198242115569,200,RTX 6000 Ada
NVIDIA RTX 6000 Ada Generation,256,4,16384,tesseract_beam4,9026188,1.1356125032762066,1.165303707239218,0.0044359863409226,200,RTX 6000 Ada
NVIDIA RTX 6000 Ada Generation,256,4,16384,flat_argmax,17089536,0.4423440113896504,0.4582025474519469,0.0017279062944908,200,RTX 6000 Ada
NVIDIA RTX 6000 Ada Generation,256,5,131072,tesseract_beam1,9026316,1.299455005209893,1.3249000898213126,0.0050759961141011,200,RTX 6000 Ada
NVIDIA RTX 6000 Ada Generation,256,5,131072,tesseract_beam4,9026316,1.402678492013365,1.4383563582669012,0.0054792128594272,200,RTX 6000 Ada
NVIDIA RTX 6000 Ada Generation,256,5,131072,flat_argmax,75924480,1.9496610038913784,1.952997634361964,0.0076158632964506,200,RTX 6000 Ada
NVIDIA RTX 6000 Ada Generation,256,6,1048576,tesseract_beam1,9026444,1.5614165022270754,1.606076404277701,0.0060992832118245,200,RTX 6000 Ada
NVIDIA RTX 6000 Ada Generation,256,6,1048576,tesseract_beam4,9026444,1.685126990196295,1.7184037860715762,0.0065825273054542,200,RTX 6000 Ada
NVIDIA RTX 6000 Ada Generation,256,6,1048576,flat_argmax,546604032,14.667426017695108,15.337561105843632,0.0572946328816215,200,RTX 6000 Ada
