features	domain	beam	mean_deg_mean	median_deg_mean	p95_deg_mean	acc@5_mean	acc@10_mean	acc@20_mean	root_acc_mean	path_acc_L1_mean	path_acc_L2_mean	path_acc_L3_mean	full_path_acc_mean	top5_leaf_recall_mean	L3_mean_deg_mean	nodes_scored_per_image_mean	mean_deg_std	median_deg_std	p95_deg_std	acc@5_std	acc@10_std	acc@20_std	root_acc_std	path_acc_L1_std	path_acc_L2_std	path_acc_L3_std	full_path_acc_std	top5_leaf_recall_std	L3_mean_deg_std	nodes_scored_per_image_std	n_seeds
dinov3_vitl16:grid4~and	lightbox	1	77.0457266904137	64.20914175183297	169.2343647430831	0.004	0.03333333333333333	0.127	0.608	0.355	0.17700000000000002	0.055999999999999994	0.0006666666666666666		77.82296160987754	44.0	0.5634485483274392	4.101604797351108	1.3712538163411956	0.0017320508075688774	0.004725815626252612	0.007549834435270756	0.010583005244258372	0.008717797887081356	0.00899999999999999	0.003605551275463989	0.0005773502691896258		0.6386921487689748	0.0	3
dinov3_vitl16:grid4~and	lightbox	2	77.32309476893637	63.735581111150545	169.37861551934577	0.004	0.03333333333333333	0.127	0.608	0.35799999999999993	0.17733333333333334	0.055999999999999994	0.0006666666666666666		78.15583512909286	84.0	0.13103768212411018	2.8254874757270056	1.0909688497444776	0.0017320508075688774	0.0037859388972001848	0.0036055512754639926	0.013453624047073722	0.008185352771872458	0.010598742063723096	0.0026457513110645864	0.0005773502691896258		0.20486510700494878	0.0	3
dinov3_vitl16:grid4~and	lightbox	4	77.45147870413815	63.94281132609708	169.42245811577283	0.004	0.03333333333333333	0.12633333333333333	0.6086666666666667	0.35666666666666663	0.17633333333333334	0.05533333333333334	0.0006666666666666666		78.25449031683517	164.0	0.2212553693504956	2.910379702226477	0.9610128715516223	0.0017320508075688774	0.0037859388972001848	0.0025166114784235852	0.013316656236958794	0.007767453465154042	0.012013880860626732	0.0023094010767585045	0.0005773502691896258		0.2616161547077657	0.0	3
dinov3_vitl16:grid4~and	lightbox	8	77.43677019153672	63.92635726353948	169.42245811577283	0.004	0.03333333333333333	0.12633333333333333	0.6086666666666667	0.35666666666666663	0.17633333333333334	0.05533333333333334	0.0006666666666666666	0.006666666666666667	78.23537965660523	292.0	0.22617727115125857	2.8881788767756196	0.9610128715516223	0.0017320508075688774	0.0037859388972001848	0.0025166114784235852	0.013316656236958794	0.007767453465154042	0.012013880860626732	0.0023094010767585045	0.0005773502691896258	0.0030550504633038936	0.2737239833446458	0.0	3
dinov3_vitl16:grid4~and	sunlamp	1	78.18079245172956	67.95787217129235	167.82706667714746	0.004	0.02266666666666667	0.09800000000000002	0.655	0.33033333333333337	0.163	0.050666666666666665	0.001		79.03400211578013	44.0	0.8194103456100604	1.5295624811308495	1.4233008401653173	0.0026457513110645908	0.0015275252316519473	0.0020000000000000018	0.014525839046333963	0.007637626158259734	0.006928203230275515	0.0064291005073286375	0.001		0.9082423492227175	0.0	3
dinov3_vitl16:grid4~and	sunlamp	2	78.49933516465161	68.95905512117476	167.81465747864607	0.0036666666666666666	0.02366666666666667	0.09933333333333333	0.6526666666666667	0.3273333333333333	0.164	0.051	0.0016666666666666668		79.44588842625896	84.0	0.8878547522313577	1.8834986891953733	1.8683513074071965	0.0015275252316519468	0.0035118845842842476	0.0056862407030773285	0.014977761292440677	0.0030550504633038945	0.0034641016151377574	0.004582575694955839	0.0011547005383792516		0.9208000728944901	0.0	3
dinov3_vitl16:grid4~and	sunlamp	4	78.28168347101139	68.75099950560995	167.71854499398543	0.0030000000000000005	0.02266666666666667	0.09833333333333333	0.655	0.3276666666666667	0.16333333333333333	0.049999999999999996	0.0013333333333333333		79.23713767439749	164.0	0.9768302759003785	1.7720920747196978	1.763961766667553	0.0017320508075688774	0.0035118845842842476	0.0055075705472861025	0.01609347693943109	0.005859465277082325	0.0037859388972001874	0.004582575694955838	0.0015275252316519468		0.9689037336052244	0.0	3
dinov3_vitl16:grid4~and	sunlamp	8	78.30413653010756	68.84248193494003	167.71854499398543	0.0030000000000000005	0.02266666666666667	0.09833333333333333	0.6546666666666666	0.3273333333333333	0.16333333333333333	0.049999999999999996	0.0013333333333333333	0.008666666666666668	79.25438089583116	292.0	0.965355502705137	1.8131157601604608	1.763961766667553	0.0017320508075688774	0.0035118845842842476	0.0055075705472861025	0.01662327685305556	0.0055075705472861025	0.0037859388972001874	0.004582575694955838	0.0015275252316519468	0.002886751345948129	0.9800808424990619	0.0	3
dinov3_vitl16:grid4~and	synthetic_val	1	31.14457734211669	19.58802516169568	117.59173929797839	0.03311111111111107	0.16644444444444442	0.5137777777777778	0.902	0.7651111111111111	0.5462222222222223	0.23666666666666666	0.011999999999999967		32.2857403645203	44.0	0.4150143639573006	0.2635654528555632	4.370995593037637	0.003906310184721566	0.008675209464863607	0.008388704928078573	0.005291502622129186	0.005669933698743643	0.014052810447788762	0.004163331998932256	0.0013333333333333491		0.3707405567103157	0.0	3
dinov3_vitl16:grid4~and	synthetic_val	2	31.118526046956305	19.475665974790477	118.06288122946688	0.035111111111111065	0.16888888888888884	0.5166666666666667	0.8991111111111111	0.7600000000000001	0.5437777777777778	0.23911111111111105	0.012444444444444402		32.358778840406636	84.0	0.2742929088679034	0.20016852363902432	4.176136567934863	0.0023412563895228475	0.008494006601607281	0.008326663997864543	0.006336256635281359	0.008743251365735982	0.010797804989561236	0.00401847584889446	0.00038490017945971215		0.34905689232675813	0.0	3
dinov3_vitl16:grid4~and	synthetic_val	4	31.099920218655402	19.45390766831319	118.08944613989833	0.035111111111111065	0.16911111111111107	0.5177777777777778	0.8988888888888887	0.7597777777777778	0.5444444444444444	0.23911111111111108	0.012444444444444402		32.35953880375826	164.0	0.4101904738724648	0.17231598448364358	4.268549054867605	0.0023412563895228475	0.008335555259338231	0.0071284510810424185	0.006677768533918473	0.008802356586817037	0.010797804989561151	0.0037908271353848714	0.00038490017945971215		0.45107966417332973	0.0	3
dinov3_vitl16:grid4~and	synthetic_val	8	31.099920218655402	19.45390766831319	118.08944613989833	0.035111111111111065	0.16911111111111107	0.5177777777777778	0.8988888888888887	0.7597777777777778	0.5444444444444444	0.23911111111111108	0.012444444444444402	0.04222222222222217	32.35953880375826	292.0	0.4101904738724648	0.17231598448364358	4.268549054867605	0.0023412563895228475	0.008335555259338231	0.0071284510810424185	0.006677768533918473	0.008802356586817037	0.010797804989561151	0.0037908271353848714	0.00038490017945971215	0.007065828042482066	0.45107966417332973	0.0	3
moge2_vitl:normals16~and	lightbox	1	77.11510735050517	68.68505747878089	171.60576973599964	0.01933333333333333	0.084	0.24133333333333332	0.5946666666666666	0.37366666666666665	0.25133333333333335	0.10466666666666667	0.007666666666666666		78.22303121607699	44.0	1.0577189298700869	3.0209523235032587	0.25030898921358874	0.00404145188432738	0.005291502622129176	0.00404145188432738	0.004163331998932284	0.015176736583776287	0.009018499505645804	0.010214368964029703	0.003055050463303893		1.2222678043515407	0.0	3
moge2_vitl:normals16~and	lightbox	2	77.1612963482426	68.72353623084743	171.54250782654273	0.01933333333333333	0.08433333333333333	0.24366666666666667	0.5906666666666666	0.375	0.25133333333333335	0.10533333333333333	0.007666666666666666		78.31592932562337	84.0	1.7695242378237128	3.740601502698715	0.3276773753293813	0.00404145188432738	0.0041633319989322634	0.005033222956847174	0.0070945988845976336	0.013114877048604014	0.010016652800877828	0.00723417813807023	0.0020816659994661326		1.8675450024572675	0.0	3
moge2_vitl:normals16~and	lightbox	4	77.01600844944643	68.3346237120305	171.46654180190873	0.01933333333333333	0.08366666666666667	0.24366666666666667	0.592	0.37366666666666665	0.25033333333333335	0.10466666666666667	0.007666666666666666		78.1613955295425	164.0	1.5083114774550448	3.2793570200636952	0.28403938146955865	0.00404145188432738	0.004618802153517002	0.0055075705472861095	0.005000000000000032	0.012220201853215578	0.009504384952922183	0.008386497083606078	0.0020816659994661326		1.6570954523735486	0.0	3
moge2_vitl:normals16~and	lightbox	8	77.09506214345691	68.5248475816502	171.46654180190873	0.01933333333333333	0.08366666666666667	0.24366666666666667	0.5913333333333334	0.37333333333333335	0.25033333333333335	0.10466666666666667	0.007666666666666666	0.02033333333333333	78.24008804594907	292.0	1.4514133824772275	3.284824857393658	0.28403938146955865	0.00404145188432738	0.004618802153517002	0.0055075705472861095	0.004041451884327344	0.012342339054382428	0.009504384952922183	0.008386497083606078	0.0020816659994661326	0.005773502691896256	1.6053762301846697	0.0	3
moge2_vitl:normals16~and	sunlamp	1	87.10891499915543	88.30247857622267	172.80188650854782	0.007333333333333333	0.041666666666666664	0.15966666666666665	0.5346666666666667	0.29	0.16966666666666666	0.074	0.0030000000000000005		88.0241309201103	44.0	1.3853920231404588	1.6825560815235614	0.9139968618861608	0.0023094010767585028	0.006506407098647709	0.008326663997864534	0.004509249752822923	0.011789826122551566	0.015373136743466935	0.004582575694955836	0.0017320508075688774		1.6926016142784421	0.0	3
moge2_vitl:normals16~and	sunlamp	2	87.80103757339675	89.4020268576099	173.27008636472382	0.007333333333333333	0.042	0.15766666666666665	0.526	0.284	0.16766666666666666	0.07333333333333332	0.0030000000000000005		88.75281241595223	84.0	1.0577647696120545	1.8158118927698281	0.3017473080594817	0.0023094010767585028	0.006244997998398397	0.0072341781380702375	0.009848857801796122	0.007549834435270714	0.009291573243177559	0.003214550253664322	0.0017320508075688774		1.212310160161229	0.0	3
moge2_vitl:normals16~and	sunlamp	4	87.8028731113475	88.74830153424348	173.70476181348192	0.007333333333333333	0.043000000000000003	0.15933333333333333	0.5276666666666667	0.2853333333333333	0.169	0.07366666666666667	0.0030000000000000005		88.76420509308741	164.0	1.136662150018465	1.542117121444181	0.39098464258028387	0.0023094010767585028	0.0060827625302982205	0.006806859285554056	0.008962886439832556	0.007023769168568471	0.009539392014169448	0.004041451884327375	0.0017320508075688774		1.291411959145835	0.0	3
moge2_vitl:normals16~and	sunlamp	8	87.8097175814653	88.83298265149442	173.70476181348192	0.007333333333333333	0.043000000000000003	0.15933333333333333	0.527	0.2853333333333333	0.16933333333333334	0.07366666666666667	0.0030000000000000005	0.01	88.76394332094816	292.0	1.2082814062188578	1.655569582896141	0.39098464258028387	0.0023094010767585028	0.0060827625302982205	0.006806859285554056	0.009539392014169451	0.00802080627701062	0.00986576572463249	0.004041451884327375	0.0017320508075688774	0.0036055512754639895	1.369749239394689	0.0	3
moge2_vitl:normals16~and	synthetic_val	1	47.448581358693495	18.94175609069289	163.37778284399494	0.04466666666666663	0.22088888888888888	0.5206666666666666	0.7639999999999999	0.6133333333333333	0.47933333333333333	0.26599999999999996	0.016222222222222166		48.830152772468544	44.0	1.0037023816346993	0.57046984915774	2.380634970921394	0.002403700850309293	0.004073400617738528	0.013775985546514572	0.006359594676112928	0.004055175020198864	0.007571877794400375	0.013482498944104495	0.002143033502442871		1.0634333813623524	0.0	3
moge2_vitl:normals16~and	synthetic_val	2	47.517812013654755	18.95279954009239	163.89520435694826	0.04533333333333326	0.2253333333333333	0.5208888888888888	0.7637777777777778	0.614	0.4777777777777778	0.2662222222222222	0.016666666666666632		48.9962778503238	84.0	0.9338540181284923	0.633289513182793	2.1967183628442255	0.002309401076758502	0.0034641016151377574	0.014052810447788708	0.005669933698743574	0.006928203230275515	0.01231680574271201	0.015568248789455128	0.0023094010767585036		1.0217939103330325	0.0	3
moge2_vitl:normals16~and	synthetic_val	4	47.551855346319265	18.94931238706026	164.19999398948428	0.04533333333333326	0.22511111111111107	0.5213333333333333	0.762	0.6144444444444445	0.4775555555555555	0.2657777777777777	0.016666666666666632		49.03180571715247	164.0	0.8268198131222126	0.6272748826205514	2.2066015804494064	0.002309401076758502	0.0050479185296002345	0.013872434697789888	0.005696002496878344	0.00885270412757432	0.01315435429950997	0.016115325119391923	0.0023094010767585036		0.9393143890927418	0.0	3
moge2_vitl:normals16~and	synthetic_val	8	47.55496488184887	18.94931238706026	164.19999398948428	0.04533333333333326	0.22511111111111107	0.5213333333333333	0.7617777777777778	0.6146666666666666	0.4777777777777777	0.2662222222222222	0.016666666666666632	0.054666666666666634	49.03511906535485	292.0	0.8511912507934991	0.6272748826205514	2.2066015804494064	0.002309401076758502	0.0050479185296002345	0.013872434697789888	0.005669933698743574	0.008666666666666658	0.01300142442338669	0.015809045699406596	0.0023094010767585036	0.0035276684147528105	0.9637932583941089	0.0	3
