beam	method	domain	mean_deg	median_deg	acc@1	acc@5	acc@10	acc@20	discrete_mean_deg	nodes_per_branch	mean_deg_std
1	A	lightbox	37.076801640139415	13.466869659168042	0.0011869436201780417	0.09658753709198813	0.35816023738872405	0.6500989119683481	37.076801640139415	44.0	2.0929808672438943
1	A	sunlamp	41.44263570669184	20.49567595314478	0.0004777260241251642	0.04693658187029739	0.20375014928938254	0.4899080377403559	41.44263570669184	44.0	0.9364678092123501
1	A	synthetic_val	5.346478957616836	4.797376916281299	0.009476960702573508	0.536907342560169	0.9551442387860597	0.9964148741037185	5.346478957616836	44.0	0.1053327954163497
1	B	lightbox	43.6497940840625	10.386419586714348	0.0030662710187932735	0.1767062314540059	0.4847675568743817	0.6557368941641939	43.6497940840625	44.0	1.0444497921931901
1	B	sunlamp	60.46702616747674	18.29884644430493	0.0013137465663442015	0.09542577331900155	0.3120745252597635	0.5170189896094589	60.46702616747674	44.0	0.38532018772255067
1	B	synthetic_val	16.726535099225718	5.886098165127964	0.00564170974376077	0.38516480462453445	0.805096992940915	0.8959479739869934	16.726535099225718	44.0	0.10626153192263106
1	PoE(A,B)	lightbox	26.88168306819128	9.000162255365012	0.003214638971315529	0.19554896142433234	0.5549950544015826	0.775519287833828	26.88168306819128	44.0	0.8506159923372291
1	PoE(A,B)	sunlamp	36.63592743266056	12.968987050082996	0.0015526095784067836	0.11035471157291293	0.3737011823719097	0.6524543174489431	36.63592743266056	44.0	1.0314125523516366
1	PoE(A,B)	synthetic_val	5.53972405147645	4.621778079312771	0.009727085765104775	0.565504974709577	0.9466399866599966	0.9902173308876661	5.53972405147645	44.0	0.06323259262577191
4	A	lightbox	37.2587608325733	13.907520871231561	0.0009396636993076161	0.08793273986152324	0.336053412462908	0.6438180019782394	37.2587608325733	164.0	2.1215549829746174
4	A	sunlamp	41.80543372784505	20.75946212325267	0.0005971575301564553	0.0440702257255464	0.18762689597515825	0.4819061268362594	41.80543372784505	164.0	1.5378752308553758
4	A	synthetic_val	5.662577708765615	5.002747904880451	0.008254127063531765	0.5	0.9304652326163082	0.9960535823467289	5.662577708765615	164.0	0.12615236748202474
4	B	lightbox	43.10943221174721	10.690725679540442	0.0030662710187932735	0.1670128585558853	0.472106824925816	0.6609297725024729	43.10943221174721	164.0	1.2242582779062527
4	B	sunlamp	60.5126421530235	18.42062236296506	0.0011943150603129105	0.09327600621043831	0.30717783351248057	0.5177355786456467	60.5126421530235	164.0	0.7095046387227518
4	B	synthetic_val	16.672095061405855	6.138361962405335	0.005558334722917013	0.36245900728141844	0.782919237396476	0.8992829748207437	16.672095061405855	164.0	0.17558159238256302
4	PoE(A,B)	lightbox	26.499087824636593	8.961926767821588	0.003115727002967359	0.1960435212660732	0.5562809099901088	0.78026706231454	26.499087824636593	164.0	0.8411311456045346
4	PoE(A,B)	sunlamp	36.628491355229045	12.918488239987548	0.0014331780723754928	0.11083243759703809	0.3754926549623791	0.6566344201600383	36.628491355229045	164.0	0.7437714143442916
4	PoE(A,B)	synthetic_val	5.59059230730281	4.659481803316965	0.009643710744261019	0.557806681118337	0.9412761936523818	0.990022789172364	5.59059230730281	164.0	0.06234443467102391
