beam	method	domain	mean_deg	median_deg	acc@10	acc@20	mean_deg_std
1	AVG(A,B)	lightbox	65.48573274035716	46.42188243637105	0.073	0.24566666666666667	0.9784499120423226
1	AVG(A,B)	sunlamp	73.69962463502647	61.18295031951346	0.03866666666666666	0.16766666666666666	0.5534730940826947
1	AVG(A,B)	synthetic_val	27.238681547598105	15.278564775860943	0.27066666666666667	0.6375555555555555	0.6583628218398213
1	A_dino	lightbox	76.1015482510307	62.21182043802812	0.036333333333333336	0.145	1.0267784229188397
1	A_dino	sunlamp	79.12649783725819	70.26578319414116	0.015	0.10933333333333334	0.6065390400810474
1	A_dino	synthetic_val	27.678546828013598	17.19668888169593	0.20133333333333334	0.585111111111111	0.7962451837424155
1	B_consensus_normals	lightbox	77.11510735050517	68.68505747878089	0.084	0.24133333333333332	1.0577189298700869
1	B_consensus_normals	sunlamp	87.10891499915543	88.30247857622267	0.041666666666666664	0.15966666666666665	1.3853920231404588
1	B_consensus_normals	synthetic_val	47.44858135869348	18.94175609069289	0.22088888888888888	0.5206666666666666	1.003702381634695
1	PoE(A,B)	lightbox	62.48357477092986	41.27380952730296	0.08166666666666667	0.26366666666666666	0.5368351806050139
1	PoE(A,B)	sunlamp	71.36523961290466	56.454756725618125	0.034333333333333334	0.16866666666666666	0.7411828248123169
1	PoE(A,B)	synthetic_val	25.884839676367225	14.732332335603358	0.28377777777777774	0.656	0.45977944095399326
4	AVG(A,B)	lightbox	72.11613181412953	58.710765904403566	0.06166666666666667	0.20533333333333334	1.9372366770609377
4	AVG(A,B)	sunlamp	79.39173767471344	72.40831810660603	0.03666666666666667	0.14266666666666666	1.4220141089708431
4	AVG(A,B)	synthetic_val	33.02939548724925	16.528011206280713	0.24933333333333332	0.5871111111111111	0.6598040021040338
4	A_dino	lightbox	75.8739122248926	62.13474662433375	0.03733333333333333	0.14966666666666664	0.8953712731297129
4	A_dino	sunlamp	79.31587925892156	71.0680832397881	0.016333333333333335	0.10833333333333334	0.3459919947772632
4	A_dino	synthetic_val	28.104646553672	17.20398137741921	0.20177777777777775	0.5864444444444444	0.8356612906352434
4	B_consensus_normals	lightbox	77.01600844944643	68.3346237120305	0.08366666666666667	0.24366666666666667	1.5083114774550448
4	B_consensus_normals	sunlamp	87.8028731113475	88.74830153424348	0.043000000000000003	0.15933333333333333	1.136662150018465
4	B_consensus_normals	synthetic_val	47.551855346319265	18.949312387060257	0.22511111111111112	0.5213333333333333	0.8268198131222126
4	PoE(A,B)	lightbox	62.222256187544495	40.762877956821086	0.085	0.26633333333333337	0.6496459056171867
4	PoE(A,B)	sunlamp	71.5894192886027	57.128966080674566	0.036000000000000004	0.169	0.9141433702578371
4	PoE(A,B)	synthetic_val	25.939534364045993	14.700225827344283	0.2806666666666667	0.6562222222222222	0.7061920880520566
