seed,beam,method,domain,n,mean_deg,median_deg,p95_deg,acc@1,acc@3,acc@5,acc@10,acc@20
0,1,A_dino,synthetic_val,1500,26.782908377187095,16.84665387778437,101.83368168043725,0.0,0.012666666666666666,0.03933333333333333,0.22,0.59
0,1,A_dino,lightbox,1000,76.71963320325624,64.10369216292372,171.23802507724926,0.0,0.002,0.008,0.037,0.142
0,1,A_dino,sunlamp,1000,79.54863318011485,69.74105576304572,168.3106775742873,0.0,0.0,0.001,0.015,0.101
0,1,B_consensus_normals,synthetic_val,1500,47.841236087674275,18.75716861228909,162.24841607759302,0.0006666666666666666,0.014666666666666666,0.04533333333333334,0.22,0.5226666666666666
0,1,B_consensus_normals,lightbox,1000,77.24202010900264,68.77796555385551,171.51255974408582,0.0,0.004,0.02,0.082,0.242
0,1,B_consensus_normals,sunlamp,1000,86.45415724474458,87.86050685174212,173.12777318999463,0.0,0.004,0.01,0.042,0.153
0,1,"PoE(A,B)",synthetic_val,1500,25.961773769706586,14.670813260660452,104.69409162432059,0.0013333333333333333,0.013333333333333334,0.056,0.28933333333333333,0.6513333333333333
0,1,"PoE(A,B)",lightbox,1000,62.526031511668954,41.34516578432357,165.69235701939172,0.0,0.003,0.011,0.079,0.262
0,1,"PoE(A,B)",sunlamp,1000,71.14291024405259,55.955250473590525,169.21510454143964,0.001,0.002,0.006,0.034,0.175
0,1,"AVG(A,B)",synthetic_val,1500,26.897039784349065,15.243266395995073,107.4467673225909,0.0006666666666666666,0.014666666666666666,0.051333333333333335,0.2826666666666667,0.6426666666666667
0,1,"AVG(A,B)",lightbox,1000,64.52320885766106,45.06921647446587,167.06413854581615,0.0,0.003,0.013,0.073,0.241
0,1,"AVG(A,B)",sunlamp,1000,74.22327750879622,61.3556832198977,170.1771306833524,0.001,0.004,0.009,0.039,0.164
0,4,A_dino,synthetic_val,1500,27.15062062980163,16.84665387778437,108.72728342813986,0.0,0.013333333333333334,0.04133333333333333,0.22133333333333333,0.5913333333333334
0,4,A_dino,lightbox,1000,76.3586251129036,63.5375684652759,171.61733201567156,0.0,0.001,0.008,0.036,0.147
0,4,A_dino,sunlamp,1000,79.39973224520948,69.64198697391465,169.12316728816413,0.0,0.0,0.001,0.017,0.104
0,4,B_consensus_normals,synthetic_val,1500,47.262480418490654,18.646309541790373,163.95600635241388,0.0006666666666666666,0.014666666666666666,0.04666666666666667,0.22866666666666666,0.5286666666666666
0,4,B_consensus_normals,lightbox,1000,76.23286109870023,68.20729394499637,171.30549893536303,0.0,0.004,0.02,0.081,0.241
0,4,B_consensus_normals,sunlamp,1000,87.32902992428973,88.97927169464893,173.28494655756597,0.0,0.004,0.01,0.046,0.157
0,4,"PoE(A,B)",synthetic_val,1500,26.140659456365015,14.679078197739518,104.35185437497498,0.0013333333333333333,0.014,0.05533333333333333,0.288,0.6546666666666666
0,4,"PoE(A,B)",lightbox,1000,62.26373653320242,40.76872990226206,164.57713622281233,0.0,0.003,0.012,0.08,0.265
0,4,"PoE(A,B)",sunlamp,1000,71.69517490367315,58.22702787283373,168.2787779348212,0.001,0.002,0.005,0.033,0.175
0,4,"AVG(A,B)",synthetic_val,1500,32.423685421600425,16.210595965668574,128.22702656351603,0.0006666666666666666,0.013333333333333334,0.044,0.2633333333333333,0.6026666666666667
0,4,"AVG(A,B)",lightbox,1000,69.93645711728095,56.70564664654253,168.1238545238719,0.0,0.002,0.012,0.069,0.219
0,4,"AVG(A,B)",sunlamp,1000,80.26882099851046,72.3472637220144,171.16036050792042,0.001,0.003,0.008,0.034,0.137
1,1,A_dino,synthetic_val,1500,28.3063110913796,17.735560166186815,108.82707572642296,0.0006666666666666666,0.01,0.034666666666666665,0.17866666666666667,0.5666666666666667
1,1,A_dino,lightbox,1000,76.66872045959627,61.371490593273904,170.40080479528754,0.0,0.0,0.002,0.026,0.146
1,1,A_dino,sunlamp,1000,78.43144574317154,70.19915410260819,167.983205560459,0.0,0.0,0.001,0.017,0.116
1,1,B_consensus_normals,synthetic_val,1500,46.30791021741631,18.486435507665682,161.77202366979336,0.0006666666666666666,0.015333333333333332,0.042,0.21733333333333332,0.5333333333333333
1,1,B_consensus_normals,lightbox,1000,75.99965800625931,65.61872281312776,171.41543905896347,0.0,0.005,0.015,0.08,0.245
1,1,B_consensus_normals,sunlamp,1000,88.70032721059708,90.16190598869954,173.50827547866962,0.0,0.001,0.006,0.048,0.157
1,1,"PoE(A,B)",synthetic_val,1500,25.391446269408867,14.857651304146007,103.23673248667309,0.0013333333333333333,0.017333333333333333,0.05466666666666667,0.274,0.6566666666666666
1,1,"PoE(A,B)",lightbox,1000,62.99792093319755,42.23947620414309,166.71478030550216,0.0,0.003,0.016,0.081,0.251
1,1,"PoE(A,B)",sunlamp,1000,72.19214113346962,58.56332775211263,169.18102211072423,0.0,0.0,0.005,0.038,0.168
1,1,"AVG(A,B)",synthetic_val,1500,26.82136784905924,15.353812907346473,108.60554702048807,0.0006666666666666666,0.012666666666666666,0.04466666666666667,0.25533333333333336,0.6326666666666667
1,1,"AVG(A,B)",lightbox,1000,66.47936667723712,46.94582669363193,163.87889219100308,0.0,0.003,0.018,0.071,0.251
1,1,"AVG(A,B)",sunlamp,1000,73.75508862774511,63.06636900201601,171.13586277263343,0.0,0.0,0.007,0.038,0.179
1,4,A_dino,synthetic_val,1500,28.706981880345563,17.75743765335666,113.52143743500984,0.0006666666666666666,0.01,0.034,0.18066666666666667,0.5673333333333334
1,4,A_dino,lightbox,1000,76.42242857653314,62.48051603905009,170.40080479528754,0.0,0.0,0.002,0.031,0.149
1,4,A_dino,sunlamp,1000,78.93566743064186,71.57129211401039,168.99698371485465,0.0,0.0,0.002,0.018,0.115
1,4,B_consensus_normals,synthetic_val,1500,46.90861666094698,18.531063219361684,162.1255263220017,0.0006666666666666666,0.016,0.042666666666666665,0.21933333333333332,0.53
1,4,B_consensus_normals,lightbox,1000,76.06035768795424,65.12078606879625,171.29962179447958,0.001,0.006,0.015,0.081,0.25
1,4,B_consensus_normals,sunlamp,1000,89.099797213762,90.16190598869954,173.77084540343233,0.0,0.002,0.006,0.047,0.154
1,4,"PoE(A,B)",synthetic_val,1500,25.154597075397344,14.753066842289716,100.19523381604205,0.0013333333333333333,0.016666666666666666,0.054,0.2733333333333333,0.656
1,4,"PoE(A,B)",lightbox,1000,62.85016795403141,41.513028549801184,166.75537661946956,0.0,0.003,0.018,0.085,0.254
1,4,"PoE(A,B)",sunlamp,1000,72.4460852753936,58.82980800064496,168.51374941059905,0.0,0.0,0.005,0.041,0.169
1,4,"AVG(A,B)",synthetic_val,1500,32.932028321200015,16.7924469134501,127.12696974755063,0.0006666666666666666,0.012,0.042,0.22933333333333333,0.5786666666666667
1,4,"AVG(A,B)",lightbox,1000,72.7704813844375,57.847465196123764,170.24449984056432,0.0,0.002,0.016,0.059,0.204
1,4,"AVG(A,B)",sunlamp,1000,80.15534731712317,74.16160881637481,172.32650141562928,0.0,0.001,0.008,0.036,0.145
2,1,A_dino,synthetic_val,1500,27.946421015474105,17.007852601116603,109.26148910680124,0.0,0.01,0.038,0.20533333333333334,0.5986666666666667
2,1,A_dino,lightbox,1000,74.9162910902396,61.16027855788673,168.79199750208295,0.0,0.001,0.007,0.046,0.147
2,1,A_dino,sunlamp,1000,79.39941458848817,70.85713971676958,168.76500443104112,0.0,0.0,0.004,0.013,0.111
2,1,B_consensus_normals,synthetic_val,1500,48.196597770989875,19.581664152123903,166.11290878459843,0.0006666666666666666,0.014,0.04666666666666667,0.22533333333333333,0.506
2,1,B_consensus_normals,lightbox,1000,78.10364393625356,71.65848406935939,171.88931040494967,0.0,0.006,0.023,0.09,0.237
2,1,B_consensus_normals,sunlamp,1000,86.17226054212462,86.88502288822636,171.76961085697923,0.001,0.002,0.006,0.035,0.169
2,1,"PoE(A,B)",synthetic_val,1500,26.301298989986226,14.668532442003615,109.67742548531307,0.0006666666666666666,0.015333333333333332,0.058,0.288,0.66
2,1,"PoE(A,B)",lightbox,1000,61.9267718679231,40.23678659344222,165.29729575425884,0.001,0.002,0.01,0.085,0.278
2,1,"PoE(A,B)",sunlamp,1000,70.76066746119179,54.845691951151224,167.88385661044543,0.0,0.001,0.008,0.031,0.163
2,1,"AVG(A,B)",synthetic_val,1500,27.997637009386004,15.23861502424128,114.42963828628575,0.0006666666666666666,0.016666666666666666,0.058666666666666666,0.274,0.6373333333333333
2,1,"AVG(A,B)",lightbox,1000,65.45462268617334,47.25060414101536,163.99334705986817,0.0,0.003,0.014,0.075,0.245
2,1,"AVG(A,B)",sunlamp,1000,73.12050776853808,59.12679873662668,167.67729485416731,0.001,0.001,0.006,0.039,0.16
2,4,A_dino,synthetic_val,1500,28.45633715086882,17.007852601116603,113.27049432717104,0.0,0.01,0.04066666666666666,0.20333333333333334,0.6006666666666667
2,4,A_dino,lightbox,1000,74.84068298524109,60.38615536867525,168.89285095527939,0.0,0.001,0.005,0.045,0.153
2,4,A_dino,sunlamp,1000,79.61223810091333,71.99097063143924,168.65519013496979,0.0,0.0,0.003,0.014,0.106
2,4,B_consensus_normals,synthetic_val,1500,48.48446895952016,19.670564400028717,166.51844929403723,0.0006666666666666666,0.013333333333333334,0.04666666666666667,0.22733333333333333,0.5053333333333333
2,4,B_consensus_normals,lightbox,1000,78.75480656168483,71.67579112229889,171.79450467588353,0.0,0.005,0.023,0.089,0.24
2,4,B_consensus_normals,sunlamp,1000,86.97979219599077,87.10372691938198,174.05849347944746,0.001,0.002,0.006,0.036,0.167
2,4,"PoE(A,B)",synthetic_val,1500,26.523346560375618,14.668532442003615,110.62017568259859,0.0006666666666666666,0.015333333333333332,0.05466666666666667,0.2806666666666667,0.658
2,4,"PoE(A,B)",lightbox,1000,61.55286407539966,40.006875418400014,164.51629819071445,0.001,0.003,0.011,0.09,0.28
2,4,"PoE(A,B)",sunlamp,1000,70.62699768674136,54.33006236854502,167.2581445851106,0.0,0.002,0.009,0.034,0.163
2,4,"AVG(A,B)",synthetic_val,1500,33.732472718947335,16.58099073972346,131.46056083061222,0.0006666666666666666,0.017333333333333333,0.05533333333333333,0.25533333333333336,0.58
2,4,"AVG(A,B)",lightbox,1000,73.64145694067012,61.5791858705444,171.26201966790453,0.0,0.003,0.015,0.057,0.193
2,4,"AVG(A,B)",sunlamp,1000,77.75104470850668,70.71608178142887,168.8809978128369,0.001,0.003,0.01,0.04,0.146
