seed,beam,nodes_per_branch,method,domain,discrete_n,discrete_mean_deg,discrete_median_deg,discrete_p95_deg,discrete_acc@1,discrete_acc@3,discrete_acc@5,discrete_acc@10,discrete_acc@20,n,mean_deg,median_deg,p95_deg,acc@1,acc@3,acc@5,acc@10,acc@20
0,1,44,A,synthetic_val,11994,6.231703363541019,5.1973288719448165,10.758579288682864,0.006836751709187927,0.15149241287310322,0.46923461730865434,0.9292979823244956,0.9914123728530932,11994,6.231703363541019,5.1973288719448165,10.758579288682864,0.006836751709187927,0.15149241287310322,0.46923461730865434,0.9292979823244956,0.9914123728530932
0,1,44,A,lightbox,6740,43.08678374383892,12.385352295914345,172.6894368297972,0.001483679525222552,0.029080118694362018,0.11765578635014837,0.4048961424332344,0.6459940652818991,6740,43.08678374383892,12.385352295914345,172.6894368297972,0.001483679525222552,0.029080118694362018,0.11765578635014837,0.4048961424332344,0.6459940652818991
0,1,44,A,sunlamp,2791,51.87714303311849,19.818912440549834,169.90292028738494,0.0007165890361877463,0.0146900752418488,0.059476890003582944,0.2468649229666786,0.5026872088857041,2791,51.87714303311849,19.818912440549834,169.90292028738494,0.0007165890361877463,0.0146900752418488,0.059476890003582944,0.2468649229666786,0.5026872088857041
0,1,44,B,synthetic_val,11994,16.947276893018262,5.942900034762598,106.52006807599236,0.005169251292312823,0.11947640486910122,0.37685509421377356,0.809237952309488,0.8946139736534934,11994,16.947276893018262,5.942900034762598,106.52006807599236,0.005169251292312823,0.11947640486910122,0.37685509421377356,0.809237952309488,0.8946139736534934
0,1,44,B,lightbox,6740,43.265397942273026,10.108891086862737,172.8570010300729,0.003857566765578635,0.05519287833827893,0.18189910979228488,0.4959940652818991,0.663353115727003,6740,43.265397942273026,10.108891086862737,172.8570010300729,0.003857566765578635,0.05519287833827893,0.18189910979228488,0.4959940652818991,0.663353115727003
0,1,44,B,sunlamp,2791,60.26478349155157,18.13005248872476,175.49187537167836,0.00035829451809387314,0.03045503403797922,0.1028305266929416,0.32568971694733073,0.5191687567180222,2791,60.26478349155157,18.13005248872476,175.49187537167836,0.00035829451809387314,0.03045503403797922,0.1028305266929416,0.32568971694733073,0.5191687567180222
0,1,44,"PoE(A,B)",synthetic_val,11994,6.036397078722956,4.879562509193061,10.243790590605647,0.008921127230281808,0.17808904452226113,0.5227613806903452,0.9447223611805903,0.9907453726863432,11994,6.036397078722956,4.879562509193061,10.243790590605647,0.008921127230281808,0.17808904452226113,0.5227613806903452,0.9447223611805903,0.9907453726863432
0,1,44,"PoE(A,B)",lightbox,6740,31.499632406492577,9.025766365983337,168.2700976827166,0.0043026706231454005,0.0599406528189911,0.2029673590504451,0.5485163204747775,0.7486646884272997,6740,31.499632406492577,9.025766365983337,168.2700976827166,0.0043026706231454005,0.0599406528189911,0.2029673590504451,0.5485163204747775,0.7486646884272997
0,1,44,"PoE(A,B)",sunlamp,2791,42.11580456960035,13.73633163323394,168.8281613546914,0.0010748835542816195,0.032604801146542454,0.11286277319957004,0.3654604084557506,0.6198495163024006,2791,42.11580456960035,13.73633163323394,168.8281613546914,0.0010748835542816195,0.032604801146542454,0.11286277319957004,0.3654604084557506,0.6198495163024006
0,4,164,A,synthetic_val,11994,6.2188955584674925,5.196001882583608,10.71300301408329,0.006753376688344172,0.151909287977322,0.46923461730865434,0.9304652326163082,0.991495747873937,11994,6.2188955584674925,5.196001882583608,10.71300301408329,0.006753376688344172,0.151909287977322,0.46923461730865434,0.9304652326163082,0.991495747873937
0,4,164,A,lightbox,6740,42.88190142245337,12.354097005273232,172.63228335149404,0.001483679525222552,0.028041543026706233,0.11617210682492582,0.4050445103857567,0.6468842729970327,6740,42.88190142245337,12.354097005273232,172.63228335149404,0.001483679525222552,0.028041543026706233,0.11617210682492582,0.4050445103857567,0.6468842729970327
0,4,164,A,sunlamp,2791,51.925113048432394,19.932939645114544,169.86791535093022,0.0007165890361877463,0.015048369759942674,0.0587603009673952,0.24650662844858473,0.5016123253314224,2791,51.925113048432394,19.932939645114544,169.86791535093022,0.0007165890361877463,0.015048369759942674,0.0587603009673952,0.24650662844858473,0.5016123253314224
0,4,164,B,synthetic_val,11994,17.04333141156471,5.944860231424306,107.16315608658586,0.005085876271469068,0.11930965482741371,0.37610471902617976,0.8102384525596131,0.8945305986326496,11994,17.04333141156471,5.944860231424306,107.16315608658586,0.005085876271469068,0.11930965482741371,0.37610471902617976,0.8102384525596131,0.8945305986326496
0,4,164,B,lightbox,6740,43.15482662532105,10.074523376338739,172.76073129802631,0.004154302670623145,0.05682492581602374,0.18456973293768547,0.49747774480712165,0.663946587537092,6740,43.15482662532105,10.074523376338739,172.76073129802631,0.004154302670623145,0.05682492581602374,0.18456973293768547,0.49747774480712165,0.663946587537092
0,4,164,B,sunlamp,2791,59.99835001979392,18.04305807984458,175.12190330195756,0.0,0.0293801504836976,0.10390541024722322,0.3324973127911143,0.522393407380867,2791,59.99835001979392,18.04305807984458,175.12190330195756,0.0,0.0293801504836976,0.10390541024722322,0.3324973127911143,0.522393407380867
0,4,164,"PoE(A,B)",synthetic_val,11994,6.072547294772742,4.879023559735906,10.254979346978105,0.008921127230281808,0.1777555444388861,0.5230115057528765,0.944138736034684,0.9904118726029681,11994,6.072547294772742,4.879023559735906,10.254979346978105,0.008921127230281808,0.1777555444388861,0.5230115057528765,0.944138736034684,0.9904118726029681
0,4,164,"PoE(A,B)",lightbox,6740,31.436809201950386,9.033392457491045,168.41497083031746,0.0043026706231454005,0.0599406528189911,0.2026706231454006,0.5485163204747775,0.7494065281899109,6740,31.436809201950386,9.033392457491045,168.41497083031746,0.0043026706231454005,0.0599406528189911,0.2026706231454006,0.5485163204747775,0.7494065281899109
0,4,164,"PoE(A,B)",sunlamp,2791,42.3782629876347,13.761032044554094,169.06750799860177,0.0010748835542816195,0.032604801146542454,0.11322106771766392,0.36510211393765674,0.6173414546757434,2791,42.3782629876347,13.761032044554094,169.06750799860177,0.0010748835542816195,0.032604801146542454,0.11322106771766392,0.36510211393765674,0.6173414546757434
1,1,44,A,synthetic_val,11994,6.2647212857245655,5.201882728721778,10.654902779888364,0.00833750208437552,0.1570785392696348,0.4672336168084042,0.9331332332833083,0.9912456228114057,11994,6.2647212857245655,5.201882728721778,10.654902779888364,0.00833750208437552,0.1570785392696348,0.4672336168084042,0.9331332332833083,0.9912456228114057
1,1,44,A,lightbox,6740,41.21100011364336,11.770015678069097,171.9457468186383,0.0011869436201780415,0.03086053412462908,0.11928783382789318,0.4250741839762611,0.6623145400593472,6740,41.21100011364336,11.770015678069097,171.9457468186383,0.0011869436201780415,0.03086053412462908,0.11928783382789318,0.4250741839762611,0.6623145400593472
1,1,44,A,sunlamp,2791,47.495615428146834,18.15008474762799,169.90452275244257,0.0,0.016123253314224293,0.061268362594052314,0.2454317448943031,0.5374417771408098,2791,47.495615428146834,18.15008474762799,169.90452275244257,0.0,0.016123253314224293,0.061268362594052314,0.2454317448943031,0.5374417771408098
1,1,44,B,synthetic_val,11994,16.976614573611084,5.930906566396148,105.65140048250426,0.0055861263965315995,0.123978655994664,0.3819409704852426,0.8114890778722694,0.895114223778556,11994,16.976614573611084,5.930906566396148,105.65140048250426,0.0055861263965315995,0.123978655994664,0.3819409704852426,0.8114890778722694,0.895114223778556
1,1,44,B,lightbox,6740,43.27721059950278,10.044834875984428,173.05096993297155,0.004154302670623145,0.05845697329376855,0.1841246290801187,0.49792284866468844,0.6583086053412462,6740,43.27721059950278,10.044834875984428,173.05096993297155,0.004154302670623145,0.05845697329376855,0.1841246290801187,0.49792284866468844,0.6583086053412462
1,1,44,B,sunlamp,2791,59.76678452971671,17.870316122618384,175.0157507575185,0.0014331780723754925,0.027588677893228233,0.10498029380150484,0.3324973127911143,0.5177355786456467,2791,59.76678452971671,17.870316122618384,175.0157507575185,0.0014331780723754925,0.027588677893228233,0.10498029380150484,0.3324973127911143,0.5177355786456467
1,1,44,"PoE(A,B)",synthetic_val,11994,6.2069756648856345,4.869789807259702,10.297888730463251,0.008587627146906788,0.18767717191929298,0.5230948807737202,0.9443054860763715,0.9893279973319994,11994,6.2069756648856345,4.869789807259702,10.297888730463251,0.008587627146906788,0.18767717191929298,0.5230948807737202,0.9443054860763715,0.9893279973319994
1,1,44,"PoE(A,B)",lightbox,6740,30.68178016138561,8.930088730093441,166.27208002658847,0.0043026706231454005,0.060682492581602375,0.20489614243323442,0.5563798219584569,0.7581602373887241,6740,30.68178016138561,8.930088730093441,166.27208002658847,0.0043026706231454005,0.060682492581602375,0.20489614243323442,0.5563798219584569,0.7581602373887241
1,1,44,"PoE(A,B)",sunlamp,2791,39.06856420324413,13.048983006734963,164.12962947274082,0.0010748835542816195,0.02723038337513436,0.11465424579003941,0.37477606592619134,0.6417054819061269,2791,39.06856420324413,13.048983006734963,164.12962947274082,0.0010748835542816195,0.02723038337513436,0.11465424579003941,0.37477606592619134,0.6417054819061269
1,4,164,A,synthetic_val,11994,6.2471451215230065,5.19848391455197,10.562500758978544,0.00833750208437552,0.15741203935300985,0.46773386693346675,0.9343004835751209,0.9912456228114057,11994,6.2471451215230065,5.19848391455197,10.562500758978544,0.00833750208437552,0.15741203935300985,0.46773386693346675,0.9343004835751209,0.9912456228114057
1,4,164,A,lightbox,6740,41.05001371145426,11.770015678069097,171.83856874250205,0.0011869436201780415,0.030118694362017803,0.11958456973293768,0.42492581602373886,0.663353115727003,6740,41.05001371145426,11.770015678069097,171.83856874250205,0.0011869436201780415,0.030118694362017803,0.11958456973293768,0.42492581602373886,0.663353115727003
1,4,164,A,sunlamp,2791,47.422542147495975,18.04826465680141,170.00181023822967,0.0,0.01683984235041204,0.05983518452167682,0.24364027230383375,0.5385166606950914,2791,47.422542147495975,18.04826465680141,170.00181023822967,0.0,0.01683984235041204,0.05983518452167682,0.24364027230383375,0.5385166606950914
1,4,164,B,synthetic_val,11994,16.76167901291852,5.93623011128083,103.32011589850161,0.0055861263965315995,0.12531265632816407,0.3812739703184926,0.8127397031849258,0.8960313490078372,11994,16.76167901291852,5.93623011128083,103.32011589850161,0.0055861263965315995,0.12531265632816407,0.3812739703184926,0.8127397031849258,0.8960313490078372
1,4,164,B,lightbox,6740,43.16563327127865,9.989098043067115,173.1771289143906,0.0040059347181008904,0.05875370919881306,0.1867952522255193,0.5004451038575668,0.6606824925816024,6740,43.16563327127865,9.989098043067115,173.1771289143906,0.0040059347181008904,0.05875370919881306,0.1867952522255193,0.5004451038575668,0.6606824925816024
1,4,164,B,sunlamp,2791,59.604094278842865,17.937976995746652,175.19997023701615,0.0017914725904693658,0.02830526692941598,0.10462199928341097,0.3335721963453959,0.5159441060551774,2791,59.604094278842865,17.937976995746652,175.19997023701615,0.0017914725904693658,0.02830526692941598,0.10462199928341097,0.3335721963453959,0.5159441060551774
1,4,164,"PoE(A,B)",synthetic_val,11994,6.14146540223839,4.86683643033997,10.268444817300315,0.008921127230281808,0.188344172086043,0.5237618809404703,0.9448891112222778,0.9895781223945306,11994,6.14146540223839,4.86683643033997,10.268444817300315,0.008921127230281808,0.188344172086043,0.5237618809404703,0.9448891112222778,0.9895781223945306
1,4,164,"PoE(A,B)",lightbox,6740,30.63786169208733,8.927865320072915,166.4001609890054,0.004154302670623145,0.06008902077151335,0.20415430267062315,0.556973293768546,0.7583086053412463,6740,30.63786169208733,8.927865320072915,166.4001609890054,0.004154302670623145,0.06008902077151335,0.20415430267062315,0.556973293768546,0.7583086053412463
1,4,164,"PoE(A,B)",sunlamp,2791,39.0377998975889,13.047005704834538,165.07839057193428,0.0010748835542816195,0.026872088857040486,0.11393765675385166,0.37334288785381586,0.6420637764242207,2791,39.0377998975889,13.047005704834538,165.07839057193428,0.0010748835542816195,0.026872088857040486,0.11393765675385166,0.37334288785381586,0.6420637764242207
2,1,44,A,synthetic_val,11994,6.369578078950019,5.183620252425735,10.879506994232951,0.006169751542437886,0.15416041354010337,0.47156911789227945,0.9275471068867768,0.9908287477071869,11994,6.369578078950019,5.183620252425735,10.879506994232951,0.006169751542437886,0.15416041354010337,0.47156911789227945,0.9275471068867768,0.9908287477071869
2,1,44,A,lightbox,6740,41.986408572426186,12.238510162610787,172.0392858956147,0.0017804154302670622,0.030712166172106824,0.11735905044510386,0.40979228486646885,0.6551928783382789,6740,41.986408572426186,12.238510162610787,172.0392858956147,0.0017804154302670622,0.030712166172106824,0.11735905044510386,0.40979228486646885,0.6551928783382789
2,1,44,A,sunlamp,2791,49.701462869211106,18.982598513669572,170.72104939434243,0.0007165890361877463,0.015764958796130418,0.06091006807595844,0.2472232174847725,0.5159441060551774,2791,49.701462869211106,18.982598513669572,170.72104939434243,0.0007165890361877463,0.015764958796130418,0.06091006807595844,0.2472232174847725,0.5159441060551774
2,1,44,B,synthetic_val,11994,16.863825427289274,5.931078675789795,101.82927767328259,0.006003001500750375,0.12306153076538269,0.3774387193596798,0.8133233283308321,0.8962814740703685,11994,16.863825427289274,5.931078675789795,101.82927767328259,0.006003001500750375,0.12306153076538269,0.3774387193596798,0.8133233283308321,0.8962814740703685
2,1,44,B,lightbox,6740,43.03495898720438,10.085532816663914,172.91139223805772,0.004599406528189911,0.055786350148367955,0.18071216617210684,0.49629080118694363,0.6606824925816024,6740,43.03495898720438,10.085532816663914,172.91139223805772,0.004599406528189911,0.055786350148367955,0.18071216617210684,0.49629080118694363,0.6606824925816024
2,1,44,B,sunlamp,2791,59.57722105827691,18.550231732083166,175.14977444565403,0.0007165890361877463,0.030096739519885347,0.10963812253672518,0.3307058402006449,0.5145109279828018,2791,59.57722105827691,18.550231732083166,175.14977444565403,0.0007165890361877463,0.030096739519885347,0.10963812253672518,0.3307058402006449,0.5145109279828018
2,1,44,"PoE(A,B)",synthetic_val,11994,6.2050187688412075,4.864662431355786,10.33564918478995,0.008754377188594297,0.18084042021010505,0.5253460063365016,0.9425546106386526,0.9889944972486243,11994,6.2050187688412075,4.864662431355786,10.33564918478995,0.008754377188594297,0.18084042021010505,0.5253460063365016,0.9425546106386526,0.9889944972486243
2,1,44,"PoE(A,B)",lightbox,6740,30.923410262417182,8.989322641313883,166.45453910527507,0.0028189910979228485,0.05845697329376855,0.19480712166172107,0.5531157270029674,0.7557863501483679,6740,30.923410262417182,8.989322641313883,166.45453910527507,0.0028189910979228485,0.05845697329376855,0.19480712166172107,0.5531157270029674,0.7557863501483679
2,1,44,"PoE(A,B)",sunlamp,2791,40.695376244138885,13.47196730845454,166.6474913271159,0.0010748835542816195,0.032246506628448586,0.11859548548907202,0.38122536725188105,0.6223575779290577,2791,40.695376244138885,13.47196730845454,166.6474913271159,0.0010748835542816195,0.032246506628448586,0.11859548548907202,0.38122536725188105,0.6223575779290577
2,4,164,A,synthetic_val,11994,6.3789576495630955,5.167429795546141,10.86138983355907,0.00625312656328164,0.15382691345672836,0.4731532432883108,0.9285476071369018,0.9904118726029681,11994,6.3789576495630955,5.167429795546141,10.86138983355907,0.00625312656328164,0.15382691345672836,0.4731532432883108,0.9285476071369018,0.9904118726029681
2,4,164,A,lightbox,6740,42.105781198448874,12.211617323446092,172.14897854260192,0.0016320474777448072,0.030712166172106824,0.11632047477744807,0.4112759643916914,0.6537091988130563,6740,42.105781198448874,12.211617323446092,172.14897854260192,0.0016320474777448072,0.030712166172106824,0.11632047477744807,0.4112759643916914,0.6537091988130563
2,4,164,A,sunlamp,2791,50.110190294439775,19.00706664852877,170.9527837752367,0.0007165890361877463,0.015048369759942674,0.0627015406664278,0.24793980652096023,0.5148692225008957,2791,50.110190294439775,19.00706664852877,170.9527837752367,0.0007165890361877463,0.015048369759942674,0.0627015406664278,0.24793980652096023,0.5148692225008957
2,4,164,B,synthetic_val,11994,16.817515249422197,5.9339294344643605,102.94614211028482,0.00591962647990662,0.12331165582791395,0.37718859429714857,0.8139903284975821,0.8982824745706186,11994,16.817515249422197,5.9339294344643605,102.94614211028482,0.00591962647990662,0.12331165582791395,0.37718859429714857,0.8139903284975821,0.8982824745706186
2,4,164,B,lightbox,6740,42.63747011390215,9.98885251925828,172.6957433956289,0.004747774480712166,0.05697329376854599,0.18130563798219584,0.5004451038575668,0.6657270029673591,6740,42.63747011390215,9.98885251925828,172.6957433956289,0.004747774480712166,0.05697329376854599,0.18130563798219584,0.5004451038575668,0.6657270029673591
2,4,164,B,sunlamp,2791,59.501820631317706,18.371540803588015,174.9307133306222,0.0010748835542816195,0.029738445001791472,0.11035471157291293,0.33572196345395916,0.5163024005732713,2791,59.501820631317706,18.371540803588015,174.9307133306222,0.0010748835542816195,0.029738445001791472,0.11035471157291293,0.33572196345395916,0.5163024005732713
2,4,164,"PoE(A,B)",synthetic_val,11994,6.202971905823233,4.859724238121693,10.362468566825676,0.008754377188594297,0.1815074203768551,0.5256795064198766,0.9423044855761213,0.9888277472069368,11994,6.202971905823233,4.859724238121693,10.362468566825676,0.008754377188594297,0.1815074203768551,0.5256795064198766,0.9423044855761213,0.9888277472069368
2,4,164,"PoE(A,B)",lightbox,6740,30.932042768158645,8.973072888539207,166.6318594878995,0.0028189910979228485,0.05905044510385757,0.19584569732937684,0.55459940652819,0.7571216617210682,6740,30.932042768158645,8.973072888539207,166.6318594878995,0.0028189910979228485,0.05905044510385757,0.19584569732937684,0.55459940652819,0.7571216617210682
2,4,164,"PoE(A,B)",sunlamp,2791,40.90123785134422,13.492374319706384,167.23508732757847,0.0010748835542816195,0.032604801146542454,0.12074525259763526,0.3794338946614117,0.6205661053385884,2791,40.90123785134422,13.492374319706384,167.23508732757847,0.0010748835542816195,0.032604801146542454,0.12074525259763526,0.3794338946614117,0.6205661053385884
