features,seed,domain,beam,nodes_scored_per_image,head_ms_per_image,root_acc,path_acc_L1,path_acc_L2,path_acc_L3,path_acc_L4,path_acc_L5,full_path_acc,top1_leaf_recall,L1_mean_deg,L1_median_deg,L2_mean_deg,L2_median_deg,L3_mean_deg,L3_median_deg,L4_mean_deg,L4_median_deg,L5_mean_deg,L5_median_deg,n,mean_deg,median_deg,p95_deg,acc@1,acc@3,acc@5,acc@10,acc@20,top5_leaf_recall
moge2_vitl:l11_cls+mean,0,synthetic_val,1,44,0.20530017217000324,0.7586666666666667,0.5406666666666666,0.35533333333333333,0.14,0.03866666666666667,0.012666666666666666,0.012666666666666666,0.012666666666666666,68.80590906964197,49.899974187863066,58.212463520710365,34.63355544376082,55.61014890547249,30.029414545476662,54.7231837938462,28.650549724596775,54.314598153378434,28.82345750663636,1500,54.314598153378434,28.82345750663636,167.60882374390755,0.0006666666666666666,0.008,0.02666666666666667,0.108,0.356,
moge2_vitl:l11_cls+mean,0,lightbox,1,44,0.20081686973571777,0.368,0.105,0.03,0.008,0.0,0.0,0.0,0.0,114.71052792046055,121.97741449355891,113.01166515425591,118.97563125888439,111.40023672788283,116.67013482083827,111.25726044831684,116.5813128211559,111.11898344884268,118.18291914297198,1000,111.11898344884268,118.18291914297198,173.99813002044755,0.0,0.0,0.0,0.006,0.026,
moge2_vitl:l11_cls+mean,0,sunlamp,1,44,0.215742826461792,0.411,0.104,0.043,0.013,0.001,0.0,0.0,0.0,113.19448271440467,121.94617417907894,110.41588282052231,114.84609699513666,109.97754413990178,114.85434910678907,109.70555559729264,113.56947410725584,109.50773206273333,114.12233860609794,1000,109.50773206273333,114.12233860609794,174.47505157956024,0.0,0.0,0.0,0.002,0.026,
moge2_vitl:l11_cls+mean,0,synthetic_val,2,84,0.2248236338297526,0.756,0.5326666666666666,0.354,0.14266666666666666,0.04066666666666666,0.012666666666666666,0.012666666666666666,0.012666666666666666,69.28723605673478,50.19605275409554,58.787769451272695,34.82087243731182,56.07733688929514,30.363202862329175,55.17982532510744,28.524582127059976,54.790623500166596,28.508469857283927,1500,54.790623500166596,28.508469857283927,167.09509318369325,0.0013333333333333333,0.008666666666666666,0.027333333333333334,0.10933333333333334,0.36466666666666664,
moge2_vitl:l11_cls+mean,0,lightbox,2,84,0.21400237083435059,0.374,0.1,0.033,0.01,0.001,0.0,0.0,0.0,114.9718408905534,122.445864813485,112.80350621198862,118.11743421558626,110.99345456062078,115.20736353575288,110.78801429617509,115.31550164854153,110.68867809620355,116.65095390745404,1000,110.68867809620355,116.65095390745404,174.0657237534391,0.0,0.0,0.0,0.007,0.024,
moge2_vitl:l11_cls+mean,0,sunlamp,2,84,0.20795583724975586,0.405,0.102,0.04,0.011,0.002,0.0,0.0,0.0,113.61305374188068,123.19104275791898,111.21613676512689,117.35689660536354,110.8355755341319,116.15900645433972,110.36605536925795,114.6922132342014,110.13797791062854,114.3056357505144,1000,110.13797791062854,114.3056357505144,174.26050387355625,0.0,0.0,0.0,0.002,0.021,
moge2_vitl:l11_cls+mean,0,synthetic_val,4,164,0.2122821807861328,0.756,0.5313333333333333,0.35133333333333333,0.14266666666666666,0.03933333333333333,0.012666666666666666,0.012666666666666666,0.012666666666666666,69.19562737423074,50.10257183588651,58.66678862403141,34.63355544376082,55.98847992150263,30.363202862329175,55.06075328792302,28.67322572575985,54.66166915121626,28.52527030715376,1500,54.66166915121626,28.52527030715376,166.56214091925708,0.0013333333333333333,0.008,0.027333333333333334,0.11133333333333334,0.36333333333333334,
moge2_vitl:l11_cls+mean,0,lightbox,4,164,0.2108168601989746,0.37,0.099,0.034,0.01,0.001,0.0,0.0,0.0,114.95974630194341,121.97741449355891,112.7653516966922,117.59571394664101,111.05667246064863,115.20736353575288,110.85115892371398,115.16808981154817,110.75792481431985,116.61576594938562,1000,110.75792481431985,116.61576594938562,174.01346956754008,0.0,0.0,0.0,0.007,0.024,
moge2_vitl:l11_cls+mean,0,sunlamp,4,164,0.20565104484558105,0.398,0.101,0.04,0.011,0.002,0.0,0.0,0.0,113.73725890482875,123.229965345663,111.20782623167491,117.56198219953708,110.86944994270904,116.4975118152872,110.4261948801643,114.94808481512581,110.19417503710385,114.59329111046806,1000,110.19417503710385,114.59329111046806,174.1845725226661,0.0,0.0,0.0,0.002,0.021,
moge2_vitl:l11_cls+mean,0,synthetic_val,8,292,0.21549050013224283,0.756,0.5313333333333333,0.35133333333333333,0.14266666666666666,0.03933333333333333,0.012666666666666666,0.012666666666666666,0.012666666666666666,69.19562737423074,50.10257183588651,58.66678862403141,34.63355544376082,55.98847992150263,30.363202862329175,55.06075328792302,28.67322572575985,54.66166915121626,28.52527030715376,1500,54.66166915121626,28.52527030715376,166.56214091925708,0.0013333333333333333,0.008,0.027333333333333334,0.11133333333333334,0.36333333333333334,0.03133333333333333
moge2_vitl:l11_cls+mean,0,lightbox,8,292,0.2205038070678711,0.37,0.099,0.034,0.01,0.001,0.0,0.0,0.0,114.95974630194341,121.97741449355891,112.7653516966922,117.59571394664101,111.05667246064863,115.20736353575288,110.85115892371398,115.16808981154817,110.75792481431985,116.61576594938562,1000,110.75792481431985,116.61576594938562,174.01346956754008,0.0,0.0,0.0,0.007,0.024,0.0
moge2_vitl:l11_cls+mean,0,sunlamp,8,292,0.20024681091308594,0.398,0.101,0.04,0.011,0.002,0.0,0.0,0.0,113.73725890482875,123.229965345663,111.17066670945866,117.56198219953708,110.82851413949619,116.4975118152872,110.3828890536935,114.94808481512581,110.15045640377458,114.59329111046806,1000,110.15045640377458,114.59329111046806,174.1845725226661,0.0,0.0,0.0,0.002,0.021,0.001
