method,domain,mean_deg,median_deg,acc@10,acc@20,mean_deg_std
A_dino,lightbox,76.1015482510307,62.21182043802812,0.036333333333333336,0.145,1.0267784229188397
A_dino,sunlamp,79.12649783725819,70.26578319414116,0.015,0.10933333333333334,0.6065390400810474
A_dino,synthetic_val,27.678546828013598,17.19668888169593,0.20133333333333334,0.585111111111111,0.7962451837424155
PoE,lightbox,62.48357477092986,41.27380952730296,0.08166666666666667,0.26366666666666666,0.5368351806050139
PoE,sunlamp,71.36523961290466,56.454756725618125,0.034333333333333334,0.16866666666666666,0.7411828248123169
PoE,synthetic_val,25.884839676367225,14.732332335603358,0.28377777777777774,0.656,0.45977944095399326
agree_gate,lightbox,75.95054278349697,62.194468972508126,0.045000000000000005,0.14833333333333332,1.0238236172100998
agree_gate,sunlamp,79.0454072163419,70.26578319414116,0.018333333333333333,0.11266666666666665,0.6547378721153517
agree_gate,synthetic_val,27.360824278694448,16.75255445812747,0.23177777777777778,0.5944444444444444,0.7354290251924802
ent,lightbox,63.73229060467941,43.710551596452085,0.082,0.25766666666666665,0.7662194645093531
ent,sunlamp,71.948799239846,58.285331683824154,0.037333333333333336,0.17533333333333334,0.11438234396177632
ent,synthetic_val,26.06808550929493,14.951728486064026,0.2753333333333334,0.6464444444444445,0.37340227907236906
margin,lightbox,62.33993138454745,40.81867109613588,0.08,0.26266666666666666,0.7668159361851821
margin,sunlamp,71.93108349939071,57.99706802149675,0.037,0.17600000000000002,0.43272366528901846
margin,synthetic_val,25.810186807974052,14.7914601916625,0.2802222222222222,0.6517777777777778,0.4193675822602812
