seed	method	domain	agree_frac	n	mean_deg	median_deg	p95_deg	acc@1	acc@3	acc@5	acc@10	acc@20
0	A_dino	synthetic_val	0.358	1500	26.782908377187095	16.84665387778437	101.83368168043725	0.0	0.012666666666666666	0.03933333333333333	0.22	0.59
0	PoE	synthetic_val	0.358	1500	25.961773769706586	14.670813260660452	104.69409162432059	0.0013333333333333333	0.013333333333333334	0.056	0.28933333333333333	0.6513333333333333
0	ent	synthetic_val	0.358	1500	26.135225947952335	15.041453481073841	102.21099645004519	0.0006666666666666666	0.012666666666666666	0.05333333333333334	0.2826666666666667	0.644
0	margin	synthetic_val	0.358	1500	25.861314181916068	14.624875645937085	102.23262252765332	0.0013333333333333333	0.014	0.056	0.286	0.652
0	agree_gate	synthetic_val	0.358	1500	26.557955448298785	16.362820339039388	102.1624740930732	0.0	0.010666666666666666	0.048666666666666664	0.24933333333333332	0.6006666666666667
0	A_dino	lightbox	0.067	1000	76.71963320325624	64.10369216292372	171.23802507724926	0.0	0.002	0.008	0.037	0.142
0	PoE	lightbox	0.067	1000	62.526031511668954	41.34516578432357	165.69235701939172	0.0	0.003	0.011	0.079	0.262
0	ent	lightbox	0.067	1000	63.47358606652122	43.75406632822596	163.64665294258822	0.0	0.002	0.013	0.076	0.25
0	margin	lightbox	0.067	1000	62.12799665334271	39.79510631205192	163.48900115022292	0.0	0.004	0.013	0.076	0.26
0	agree_gate	lightbox	0.067	1000	76.60742094168182	64.10369216292372	171.23802507724926	0.0	0.001	0.005	0.04	0.145
0	A_dino	sunlamp	0.039	1000	79.54863318011485	69.74105576304572	168.3106775742873	0.0	0.0	0.001	0.015	0.101
0	PoE	sunlamp	0.039	1000	71.14291024405259	55.955250473590525	169.21510454143964	0.001	0.002	0.006	0.034	0.175
0	ent	sunlamp	0.039	1000	71.94386880535014	58.46337010333072	169.46283264254936	0.002	0.004	0.007	0.034	0.178
0	margin	sunlamp	0.039	1000	72.40662609675054	59.32498083013202	171.65849281560483	0.002	0.003	0.006	0.034	0.185
0	agree_gate	sunlamp	0.039	1000	79.42203075300068	69.74105576304572	168.3106775742873	0.0	0.001	0.003	0.02	0.107
1	A_dino	synthetic_val	0.3473333333333333	1500	28.3063110913796	17.735560166186815	108.82707572642296	0.0006666666666666666	0.01	0.034666666666666665	0.17866666666666667	0.5666666666666667
1	PoE	synthetic_val	0.3473333333333333	1500	25.391446269408867	14.857651304146007	103.23673248667309	0.0013333333333333333	0.017333333333333333	0.05466666666666667	0.274	0.6566666666666666
1	ent	synthetic_val	0.3473333333333333	1500	25.665667918904557	15.104414256085285	101.43128249564518	0.0013333333333333333	0.016666666666666666	0.048666666666666664	0.264	0.6453333333333333
1	margin	synthetic_val	0.3473333333333333	1500	25.367599545199255	14.888272560409673	98.81151886375713	0.0006666666666666666	0.016666666666666666	0.052	0.27066666666666667	0.65
1	agree_gate	synthetic_val	0.3473333333333333	1500	28.001856444257104	17.434824864119136	108.82707572642296	0.0006666666666666666	0.012666666666666666	0.04133333333333333	0.21	0.5706666666666667
1	A_dino	lightbox	0.08	1000	76.66872045959627	61.371490593273904	170.40080479528754	0.0	0.0	0.002	0.026	0.146
1	PoE	lightbox	0.08	1000	62.99792093319755	42.23947620414309	166.71478030550216	0.0	0.003	0.016	0.081	0.251
1	ent	lightbox	0.08	1000	64.59437491157675	43.91399384381424	165.8884297722312	0.0	0.003	0.017	0.08	0.255
1	margin	lightbox	0.08	1000	63.19042506417065	41.0630088893097	166.88217153345147	0.0	0.002	0.016	0.074	0.258
1	agree_gate	lightbox	0.08	1000	76.47333699389216	61.371490593273904	170.40080479528754	0.0	0.0	0.004	0.042	0.149
1	A_dino	sunlamp	0.052	1000	78.43144574317154	70.19915410260819	167.983205560459	0.0	0.0	0.001	0.017	0.116
1	PoE	sunlamp	0.052	1000	72.19214113346962	58.56332775211263	169.18102211072423	0.0	0.0	0.005	0.038	0.168
1	ent	sunlamp	0.052	1000	72.06556707614509	59.264291435820816	169.83725162093063	0.0	0.0	0.006	0.043	0.179
1	margin	sunlamp	0.052	1000	71.82614366939707	57.58930804025982	168.6678710700414	0.0	0.0	0.006	0.038	0.175
1	agree_gate	sunlamp	0.052	1000	78.28938274346194	70.19915410260819	167.983205560459	0.0	0.0	0.001	0.022	0.119
2	A_dino	synthetic_val	0.35533333333333333	1500	27.946421015474105	17.007852601116603	109.26148910680124	0.0	0.01	0.038	0.20533333333333334	0.5986666666666667
2	PoE	synthetic_val	0.35533333333333333	1500	26.301298989986226	14.668532442003615	109.67742548531307	0.0006666666666666666	0.015333333333333332	0.058	0.288	0.66
2	ent	synthetic_val	0.35533333333333333	1500	26.403362661027906	14.709317721032951	107.89922383102888	0.0006666666666666666	0.016666666666666666	0.058666666666666666	0.2793333333333333	0.65
2	margin	synthetic_val	0.35533333333333333	1500	26.201646696806833	14.861232368640742	109.96706636347245	0.0006666666666666666	0.016666666666666666	0.06066666666666667	0.284	0.6533333333333333
2	agree_gate	synthetic_val	0.35533333333333333	1500	27.522660943527455	16.460018171223886	109.26148910680124	0.0	0.012	0.048666666666666664	0.236	0.612
2	A_dino	lightbox	0.08	1000	74.9162910902396	61.16027855788673	168.79199750208295	0.0	0.001	0.007	0.046	0.147
2	PoE	lightbox	0.08	1000	61.9267718679231	40.23678659344222	165.29729575425884	0.001	0.002	0.01	0.085	0.278
2	ent	lightbox	0.08	1000	63.128910835940275	43.463594617316055	164.22976412207697	0.0	0.001	0.01	0.09	0.268
2	margin	lightbox	0.08	1000	61.70137243612899	41.59789808704601	163.15943216096613	0.0	0.003	0.014	0.09	0.27
2	agree_gate	lightbox	0.08	1000	74.77087041491691	61.10822416132676	168.79199750208295	0.0	0.001	0.008	0.053	0.151
2	A_dino	sunlamp	0.053	1000	79.39941458848817	70.85713971676958	168.76500443104112	0.0	0.0	0.004	0.013	0.111
2	PoE	sunlamp	0.053	1000	70.76066746119179	54.845691951151224	167.88385661044543	0.0	0.001	0.008	0.031	0.163
2	ent	sunlamp	0.053	1000	71.8369618380428	57.12833351232093	165.47880335219267	0.001	0.001	0.007	0.035	0.169
2	margin	sunlamp	0.053	1000	71.5604807320245	57.076915194098426	167.23589203146355	0.001	0.001	0.008	0.039	0.168
2	agree_gate	sunlamp	0.053	1000	79.42480815256306	70.85713971676958	168.76500443104112	0.0	0.001	0.003	0.013	0.112
