seed	beam	nodes_per_branch	method	domain	discrete_n	discrete_mean_deg	discrete_median_deg	discrete_p95_deg	discrete_acc@1	discrete_acc@3	discrete_acc@5	discrete_acc@10	discrete_acc@20	n	mean_deg	median_deg	p95_deg	acc@1	acc@3	acc@5	acc@10	acc@20
0	1	44	A	synthetic_val	11994	6.560719356483155	5.392656434910488	11.38541866622565	0.007253626813406703	0.14448891112222778	0.44138736034684006	0.9145406036351509	0.9889944972486243	11994	6.55843704318983	5.395409830800368	11.369877107258652	0.007086876771719193	0.14415541103885277	0.44097048524262134	0.9145406036351509	0.9889944972486243
0	1	44	A	lightbox	6740	42.8929327381933	14.30668316859511	170.0643667840115	0.000741839762611276	0.02091988130563798	0.08516320474777449	0.3367952522255193	0.6099406528189911	6740	42.876949622213736	14.316754553634297	170.09019949423558	0.0005934718100890207	0.020771513353115726	0.08798219584569733	0.33620178041543025	0.6120178041543026
0	1	44	A	sunlamp	2791	52.99337632203387	25.836532150483055	167.61614949478133	0.0007165890361877463	0.008599068434252956	0.03582945180938732	0.1709064851307775	0.40917233966320316	2791	52.997905620215974	25.759522623193813	167.76554050946316	0.00035829451809387314	0.009673951988534575	0.03403797921891795	0.16768183446793264	0.4070225725546399
0	1	44	B	synthetic_val	11994	18.09625088867592	6.444865280491463	112.97404094925123	0.00383525095881274	0.10188427547106886	0.32591295647823915	0.7634650658662665	0.8796064699016175	11994	18.03218725099449	6.349173288326074	113.11385953646976	0.004669001167250292	0.11088877772219444	0.33391695847923963	0.7653826913456728	0.8799399699849925
0	1	44	B	lightbox	6740	45.57460592268246	12.28582856765221	170.05001005030573	0.002225519287833828	0.04302670623145401	0.1446587537091988	0.41973293768545994	0.6194362017804155	6740	45.558295906459364	12.388409337934439	169.97130120952323	0.001483679525222552	0.04332344213649852	0.14925816023738872	0.41973293768545994	0.6179525222551929
0	1	44	B	sunlamp	2791	62.76349017978674	24.06803067090671	175.00565038931188	0.0010748835542816195	0.02257255463991401	0.08240773916159083	0.27445360085990683	0.46649946255822283	2791	62.74878648698191	23.796703423681283	174.5892870839172	0.0007165890361877463	0.02293084915800788	0.08097456108921533	0.2726621282694375	0.46399140093156577
0	1	44	PoE(A,B)	synthetic_val	11994	6.219606963772361	5.0634848471319795	10.90372454601681	0.009004502251125562	0.16708354177088544	0.49041187260296815	0.9305486076371519	0.9889111222277805	11994	6.166657127915956	5.020227820681379	10.835012738377463	0.009838252459563115	0.17583791895947973	0.49633149908287477	0.9326329831582458	0.9890778722694681
0	1	44	PoE(A,B)	lightbox	6740	32.67578484852014	10.578351308083999	165.90401417645106	0.002225519287833828	0.04347181008902077	0.14658753709198813	0.4722551928783383	0.7210682492581603	6740	32.65701529868931	10.583515317537323	166.08664924535037	0.0016320474777448072	0.04302670623145401	0.1519287833827893	0.47492581602373884	0.721513353115727
0	1	44	PoE(A,B)	sunlamp	2791	42.80512064191056	16.991983516090684	165.09492826763346	0.0010748835542816195	0.02293084915800788	0.08348262271587245	0.2895019706198495	0.5499820852740953	2791	42.753773505023865	16.851109989148163	164.57664211802404	0.00035829451809387314	0.022214260121820137	0.08706556789681118	0.2927266212826944	0.5521318523826585
0	4	164	A	synthetic_val	11994	6.57781731442192	5.399206329263729	11.410705171107747	0.006920126730031682	0.14323828580957146	0.43980323495080875	0.9145406036351509	0.9889111222277805	11994	6.576410387200642	5.402716474701334	11.40570287990167	0.006920126730031682	0.1425712856428214	0.4391362347840587	0.9143738535934633	0.9889111222277805
0	4	164	A	lightbox	6740	43.000874566803105	14.419714286364362	170.04318307314583	0.000741839762611276	0.020178041543026708	0.08323442136498517	0.3341246290801187	0.6080118694362018	6740	42.986745476014775	14.394792243195244	170.22004098472675	0.0005934718100890207	0.020326409495548963	0.08545994065281899	0.3330860534124629	0.6093471810089021
0	4	164	A	sunlamp	2791	53.29749895802796	25.663202364061945	168.14704417114396	0.0007165890361877463	0.007882479398065209	0.03582945180938732	0.16983160157649588	0.4113221067717664	2791	53.30322386224349	25.63600490450224	168.1705670793997	0.00035829451809387314	0.010390541024722321	0.0347545682551057	0.1669652454317449	0.4080974561089215
0	4	164	B	synthetic_val	11994	18.08482290914524	6.469081023356428	113.57177024430649	0.00383525095881274	0.10130065032516258	0.32416208104052024	0.7644655661163915	0.88010672002668	11994	18.01885909648069	6.357681074657897	113.34495303319109	0.004502251125562781	0.10922127730531933	0.3328330832082708	0.7656328164082041	0.8804402201100551
0	4	164	B	lightbox	6740	45.435836660221476	12.207950896115927	169.42707911444546	0.002373887240356083	0.042581602373887244	0.1456973293768546	0.4252225519287834	0.6198813056379822	6740	45.423208984577606	12.30119310866521	169.41052079487147	0.0016320474777448072	0.04228486646884273	0.149406528189911	0.42329376854599404	0.6181008902077151
0	4	164	B	sunlamp	2791	62.40385380679841	23.79738804424614	175.32740230758498	0.0007165890361877463	0.02185596560372626	0.08419921175206019	0.27445360085990683	0.4647079899677535	2791	62.3729320043495	23.782829660282495	175.20261935077582	0.00035829451809387314	0.023289143676101756	0.08240773916159083	0.27445360085990683	0.46399140093156577
0	4	164	PoE(A,B)	synthetic_val	11994	6.222806299909185	5.059451273981317	10.947123232168847	0.009004502251125562	0.16766716691679173	0.49157912289478073	0.9302151075537769	0.9891612472903119	11994	6.170931221530881	5.013838167465044	10.849603263957155	0.00992162748040687	0.17600466900116726	0.49708187427046857	0.9321327330331832	0.9892446223111556
0	4	164	PoE(A,B)	lightbox	6740	32.709834170241415	10.66026133877644	166.1879899065042	0.002225519287833828	0.0443620178041543	0.1476261127596439	0.47032640949554894	0.7206231454005935	6740	32.69015110458042	10.65039689345959	166.5272959611721	0.0016320474777448072	0.04287833827893175	0.15267062314540059	0.47240356083086055	0.7213649851632048
0	4	164	PoE(A,B)	sunlamp	2791	42.92654430839877	16.92955497051736	165.70343016712388	0.0010748835542816195	0.022214260121820137	0.08419921175206019	0.29165173772841274	0.551056968828377	2791	42.87656553950313	16.604414239512607	165.7037048453136	0.00035829451809387314	0.02149767108563239	0.08599068434252956	0.29451809387316374	0.553565030455034
1	1	44	A	synthetic_val	11994	6.633640801113166	5.378417659331729	11.495658937249058	0.006920126730031682	0.1502417875604469	0.44372186093046523	0.9135401033850259	0.9891612472903119	11994	6.621669681893182	5.369713345601001	11.537192278757983	0.006753376688344172	0.15124228781057195	0.4433883608470902	0.9132066033016508	0.9891612472903119
1	1	44	A	lightbox	6740	42.86773151101476	14.599233418577699	170.36674524733573	0.0011869436201780415	0.02433234421364985	0.09154302670623145	0.33397626112759643	0.6065281899109792	6740	42.88031988441224	14.560280441322249	170.30759442642372	0.0005934718100890207	0.025222551928783383	0.09347181008902077	0.3341246290801187	0.6057863501483679
1	1	44	A	sunlamp	2791	51.95095854685303	25.145374324627184	166.52757521281313	0.0	0.007882479398065209	0.03188821211035471	0.16875671802221426	0.41992117520601935	2791	51.96159113072574	25.21127356815864	166.45991095434954	0.00035829451809387314	0.006091006807595844	0.030096739519885347	0.16911501254030814	0.4192045861698316
1	1	44	B	synthetic_val	11994	17.954033473249492	6.306517051063244	113.87248119812227	0.004752376188094047	0.10521927630481907	0.3419209604802401	0.7696348174087043	0.8821077205269301	11994	17.890144925558797	6.216591597503081	113.63807722909384	0.004919126229781558	0.11589127897281974	0.3486743371685843	0.772136068034017	0.8818575954643989
1	1	44	B	lightbox	6740	45.69217049169868	12.316788527722636	170.94523023145527	0.0026706231454005935	0.039614243323442135	0.1330860534124629	0.42032640949554895	0.622106824925816	6740	45.670635336835645	12.232853329361756	170.91153491259251	0.0011869436201780415	0.04362017804154303	0.13442136498516322	0.4212166172106825	0.6213649851632047
1	1	44	B	sunlamp	2791	63.61649293949823	24.79744543308295	174.460287667589	0.0010748835542816195	0.01934790397706915	0.07022572554639914	0.2672877104980294	0.4607667502687209	2791	63.58967882707278	24.321558925631496	174.6934096563927	0.0007165890361877463	0.01791472590469366	0.06771766391974203	0.2672877104980294	0.46506628448584736
1	1	44	PoE(A,B)	synthetic_val	11994	6.329867804442651	5.002741282540758	10.966974461234743	0.009087877271969318	0.1729197932299483	0.49983324995831246	0.9297148574287144	0.9882441220610305	11994	6.273302617002907	4.960789414782649	10.94119340844624	0.008837752209438053	0.18050692012673003	0.5069201267300317	0.931549107887277	0.9879939969984992
1	1	44	PoE(A,B)	lightbox	6740	32.24058041536166	10.352941568401846	164.68050203451222	0.002373887240356083	0.04376854599406528	0.15548961424332344	0.4820474777448071	0.7250741839762611	6740	32.216287693314825	10.327234443087097	164.9233658113229	0.002225519287833828	0.044955489614243324	0.15682492581602375	0.48397626112759645	0.7258160237388724
1	1	44	PoE(A,B)	sunlamp	2791	42.53785383445548	16.827136778432692	164.7135799887387	0.0007165890361877463	0.019706198495163023	0.07810820494446435	0.28771049802938015	0.5585811537083483	2791	42.51877314577725	16.688871333866704	164.84857684750565	0.0007165890361877463	0.02042278753135077	0.07703332139018274	0.28771049802938015	0.5553565030455034
1	4	164	A	synthetic_val	11994	6.629133223802234	5.36994403220484	11.520496173766777	0.006920126730031682	0.15032516258129064	0.44588961147240286	0.9133733533433384	0.9889944972486243	11994	6.616170326103218	5.356899073644222	11.55446592607869	0.006836751709187927	0.15149241287310322	0.4462231115557779	0.9127063531765883	0.9889944972486243
1	4	164	A	lightbox	6740	42.5998015566011	14.594675446763244	170.42502940311167	0.0011869436201780415	0.02344213649851632	0.09035608308605342	0.335459940652819	0.6059347181008902	6740	42.61218915530945	14.561927841871459	170.42991737522655	0.0005934718100890207	0.02433234421364985	0.09213649851632047	0.33560830860534124	0.6050445103857567
1	4	164	A	sunlamp	2791	52.40089333779798	25.505014290549514	166.85643763072625	0.0	0.007524184879971337	0.033321390182730205	0.16875671802221426	0.4177714080974561	2791	52.39678477767041	25.363230938601905	166.574979933344	0.00035829451809387314	0.00680759584378359	0.031529917592260835	0.16839842350412038	0.41633823002508064
1	4	164	B	synthetic_val	11994	17.86014417053748	6.309706750976476	112.37874061587046	0.004919126229781558	0.10596965149241287	0.3428380857095214	0.7701350675337669	0.8817742204435551	11994	17.802789246464904	6.216548718528575	112.68542244764744	0.004752376188094047	0.11630815407703853	0.3485075871268968	0.7723861930965483	0.8814407203601801
1	4	164	B	lightbox	6740	45.270328214894775	12.333626335937414	170.26648477615106	0.0025222551928783385	0.03946587537091988	0.13427299703264095	0.42091988130563796	0.6241839762611276	6740	45.24411299454274	12.221432619236337	170.41764584717802	0.0011869436201780415	0.04347181008902077	0.13382789317507418	0.42314540059347183	0.6235905044510386
1	4	164	B	sunlamp	2791	63.216841955572875	24.02015303615592	174.39453203999562	0.0010748835542816195	0.021139376567538518	0.07273378717305626	0.2719455392332497	0.46506628448584736	2791	63.20135697957115	23.878372913868585	174.6934096563927	0.0007165890361877463	0.019706198495163023	0.07165890361877464	0.2723038337513436	0.4675743461125045
1	4	164	PoE(A,B)	synthetic_val	11994	6.278153769784422	4.995898632593697	10.958165441361496	0.009171252292813074	0.17358679339669836	0.5005002501250625	0.9302151075537769	0.9884942471235618	11994	6.221830844426222	4.958574771188379	10.897377881218482	0.008837752209438053	0.18067367016841754	0.5073370018342505	0.9316324829081207	0.9883274970818743
1	4	164	PoE(A,B)	lightbox	6740	32.120261143675634	10.365548967025301	164.8498113337767	0.002373887240356083	0.0443620178041543	0.1559347181008902	0.48189910979228484	0.727299703264095	6740	32.09559830334846	10.329052157556838	165.06101340682153	0.0020771513353115725	0.045548961424332346	0.15756676557863503	0.4836795252225519	0.7275964391691395
1	4	164	PoE(A,B)	sunlamp	2791	42.653447994462965	16.70617070565672	165.29598891717933	0.0007165890361877463	0.018631314940881404	0.07810820494446435	0.2895019706198495	0.5625223934073809	2791	42.63643289228364	16.63435198841993	165.043511946199	0.0007165890361877463	0.019706198495163023	0.0773916159082766	0.2887853815836618	0.5600143317807238
2	1	44	A	synthetic_val	11994	6.565008775987071	5.329143738361251	11.521617375987859	0.006169751542437886	0.1451559112889778	0.4465566116391529	0.9127897281974321	0.9879106219776554	11994	6.558071244245203	5.3516344530645	11.51240582147844	0.006920126730031682	0.14582291145572787	0.4447223611805903	0.9130398532599633	0.9879939969984992
2	1	44	A	lightbox	6740	41.80825709492796	14.141496619849338	168.91409465599654	0.0013353115727002967	0.020771513353115726	0.09465875370919881	0.3410979228486647	0.6163204747774481	6740	41.814850598951466	14.205070015794789	168.95437409977689	0.0011869436201780415	0.020771513353115726	0.09243323442136499	0.34183976261127597	0.6149851632047477
2	1	44	A	sunlamp	2791	53.22702328325401	26.008111579927473	168.0300315160447	0.0	0.006449301325689717	0.03367968470082408	0.1827302042278753	0.42386241490505194	2791	53.21771161251689	26.02846863692322	168.0849515712377	0.0	0.006449301325689717	0.03367968470082408	0.18380508778215693	0.4245790039412397
2	1	44	B	synthetic_val	11994	17.862099084254286	6.351252364913482	112.00555132681289	0.005336001334000333	0.10913790228447558	0.3400867100216775	0.7657995664498917	0.8817742204435551	11994	17.789360175850632	6.197418487325232	112.05915101735386	0.005419376354844089	0.11664165416041354	0.3502584625646156	0.7702184425546107	0.8821910955477739
2	1	44	B	lightbox	6740	45.4284045767679	12.146698192579988	170.15666703222414	0.002373887240356083	0.04228486646884273	0.1473293768545994	0.4255192878338279	0.6225519287833828	6740	45.40054894359865	12.060549314563932	170.24288906698607	0.0010385756676557863	0.04362017804154303	0.14925816023738872	0.42774480712166174	0.6207715133531158
2	1	44	B	sunlamp	2791	61.92170795750333	23.677536550233476	174.0183581167314	0.0007165890361877463	0.01791472590469366	0.07094231458258689	0.27051236116087424	0.46542457900394124	2791	61.918773234661614	23.629610298291006	173.83224705997424	0.0	0.01791472590469366	0.07309208169115013	0.268362594052311	0.4668577570763167
2	1	44	PoE(A,B)	synthetic_val	11994	6.256758845541301	5.003263065631391	10.856675483213694	0.009004502251125562	0.17325329331332334	0.49941637485409374	0.9310488577622145	0.988410872102718	11994	6.201750455858791	4.955329825126377	10.746261054109715	0.008671002167750541	0.17900616975154243	0.5079206269801567	0.931882607970652	0.9883274970818743
2	1	44	PoE(A,B)	lightbox	6740	31.83902469882167	10.311116676451029	164.4138679676446	0.0032640949554896144	0.04465875370919881	0.1537091988130564	0.4841246290801187	0.7238872403560831	6740	31.81268483550815	10.270962546157598	164.54633611252672	0.0025222551928783385	0.04673590504451038	0.1591988130563798	0.486053412462908	0.7244807121661722
2	1	44	PoE(A,B)	sunlamp	2791	44.41566832237671	16.730525447832704	167.34107572137614	0.00035829451809387314	0.024364027230383375	0.08563238982443569	0.30777499104263706	0.5553565030455034	2791	44.38611371300044	16.823627526762326	167.87877746012686	0.00035829451809387314	0.02149767108563239	0.08348262271587245	0.3034754568255106	0.5557147975635973
2	4	164	A	synthetic_val	11994	6.612869590812335	5.326874911990411	11.555842189157811	0.006670001667500417	0.14565616141404036	0.44780723695180924	0.9130398532599633	0.987743871935968	11994	6.605658429215978	5.345998278518179	11.53252548696185	0.007086876771719193	0.1457395364348841	0.4457228614307154	0.9127897281974321	0.9878272469568118
2	4	164	A	lightbox	6740	41.78366744002693	14.182632972914673	169.48286649441857	0.0011869436201780415	0.020326409495548963	0.09243323442136499	0.34065281899109795	0.6136498516320474	6740	41.789350069747606	14.278554941415408	169.45220131327562	0.0011869436201780415	0.020326409495548963	0.0900593471810089	0.3409495548961424	0.612759643916914
2	4	164	A	sunlamp	2791	53.51490069041976	26.116651140789063	167.49833087986826	0.0	0.007165890361877463	0.03690433536366894	0.18487997133643855	0.4252955929774275	2791	53.50993257733845	26.14848620722697	167.65358610347266	0.0	0.00680759584378359	0.03726262988176281	0.1855965603726263	0.4256538874955213
2	4	164	B	synthetic_val	11994	17.968931645063687	6.343023344490036	112.70272691293508	0.0055861263965315995	0.10922127730531933	0.34025346006336504	0.7668000667000167	0.8809404702351176	11994	17.894024292202435	6.1797899863373456	113.67238404002956	0.005419376354844089	0.11564115391028848	0.35009171252292814	0.7716358179089545	0.8816074704018676
2	4	164	B	lightbox	6740	45.2499298244493	12.186283908986193	169.76549299850302	0.002225519287833828	0.04362017804154303	0.1476261127596439	0.42537091988130565	0.6216617210682492	6740	45.21675379809465	12.08762200138693	169.9190291852145	0.0011869436201780415	0.04540059347181009	0.15059347181008903	0.4280415430267062	0.6195845697329377
2	4	164	B	sunlamp	2791	61.62126907010267	23.096222327227498	174.03868078188236	0.00035829451809387314	0.01898960945897528	0.07416696524543175	0.2708706556789681	0.46936581870297384	2791	61.59867722385139	23.243113019761303	174.0883738267163	0.0	0.01934790397706915	0.07560014331780723	0.27051236116087424	0.4707989967753493
2	4	164	PoE(A,B)	synthetic_val	11994	6.230130517287182	4.998749043711802	10.895007613687296	0.009087877271969318	0.17450391862597966	0.5001667500416875	0.9307153576788394	0.988410872102718	11994	6.175924399630534	4.954035549438059	10.81999035490601	0.008837752209438053	0.17958979489744872	0.5085876271469068	0.9314657328664332	0.9883274970818743
2	4	164	PoE(A,B)	lightbox	6740	31.715740144132226	10.326023339321686	164.4138679676446	0.0032640949554896144	0.04421364985163205	0.15504451038575667	0.4826409495548961	0.7253709198813056	6740	31.690206312593435	10.28272309415582	164.54633611252672	0.0025222551928783385	0.04614243323442137	0.16008902077151335	0.48516320474777447	0.7262611275964391
2	4	164	PoE(A,B)	sunlamp	2791	44.19788152905988	16.758045907295713	166.81194124528005	0.00035829451809387314	0.023647438194195628	0.08563238982443569	0.3034754568255106	0.5575062701540666	2791	44.16509488220204	16.780249443342235	167.06865391073777	0.00035829451809387314	0.02149767108563239	0.08384091723396632	0.2991759226083841	0.556431386599785
