features,head,n_anchors,seed,domain,n,mean_deg,median_deg,p95_deg,acc@1,acc@3,acc@5,acc@10,acc@20,anchor_acc,top5_anchor_recall,quantization_floor_mean_deg
dinov3_vitl16:grid4,flat_hopf_256x12,3072,0,synthetic_val,1500,48.94541281960565,21.95771904624601,171.04123055573717,0.0,0.0046666666666666,0.0173333333333333,0.1226666666666666,0.4526666666666666,0.1326666666666666,0.2926666666666667,8.682719864793397
dinov3_vitl16:grid4,flat_hopf_256x12,3072,0,lightbox,1000,91.97669322119948,93.95079361396051,175.468831333017,0.0,0.0,0.006,0.03,0.144,0.037,0.09,8.819117385272186
dinov3_vitl16:grid4,flat_hopf_256x12,3072,0,sunlamp,1000,101.50910500749356,104.94945613645568,175.52095887002326,0.0,0.0,0.001,0.013,0.08,0.016,0.057,8.737938957727165
dinov3_vitl16:grid4,flat_hopf_256x12,3072,1,synthetic_val,1500,52.854888776415066,22.302343680483013,174.58493596373,0.0,0.0033333333333333,0.016,0.12,0.4373333333333333,0.1306666666666666,0.2753333333333333,8.682719864793397
dinov3_vitl16:grid4,flat_hopf_256x12,3072,1,lightbox,1000,96.07040600229764,100.50083334230122,176.21049943751154,0.0,0.0,0.0,0.025,0.116,0.029,0.088,8.819117385272186
dinov3_vitl16:grid4,flat_hopf_256x12,3072,1,sunlamp,1000,100.7266661097494,106.88403760738862,175.3491511075372,0.0,0.001,0.002,0.016,0.091,0.025,0.066,8.737938957727165
dinov3_vitl16:grid4,flat_hopf_256x12,3072,2,synthetic_val,1500,50.23544298115247,22.023174799233335,172.6906885313788,0.0,0.0033333333333333,0.02,0.1233333333333333,0.448,0.134,0.2973333333333333,8.682719864793397
dinov3_vitl16:grid4,flat_hopf_256x12,3072,2,lightbox,1000,91.5684660577202,93.89364736318788,174.75037551824633,0.0,0.0,0.002,0.018,0.142,0.031,0.096,8.819117385272186
dinov3_vitl16:grid4,flat_hopf_256x12,3072,2,sunlamp,1000,99.41467932061512,103.71460446414228,175.55280205444657,0.0,0.001,0.002,0.017,0.098,0.02,0.076,8.737938957727165
dinov3_vitl16:grid4,flat_hopf_1365x12,16380,0,synthetic_val,1500,67.20963107200456,35.05703444994517,174.53835273849313,0.0,0.0026666666666666,0.012,0.072,0.2986666666666667,0.0206666666666666,0.0473333333333333,6.683806060037357
dinov3_vitl16:grid4,flat_hopf_1365x12,16380,0,lightbox,1000,109.54056313971144,117.78035278351872,174.96668768320956,0.001,0.001,0.001,0.005,0.043,0.002,0.005,6.87204050902619
dinov3_vitl16:grid4,flat_hopf_1365x12,16380,0,sunlamp,1000,108.29858309040868,111.7925156303489,176.04423231500675,0.0,0.0,0.0,0.005,0.031,0.0,0.002,6.689317678971173
dinov3_vitl16:grid4,flat_hopf_1365x12,16380,1,synthetic_val,1500,65.71557683226227,34.36435894581063,174.13404896069477,0.0,0.004,0.0146666666666666,0.0866666666666666,0.3333333333333333,0.0253333333333333,0.0493333333333333,6.683806060037357
dinov3_vitl16:grid4,flat_hopf_1365x12,16380,1,lightbox,1000,105.3329095729208,110.20568538974888,175.9893494834269,0.001,0.001,0.004,0.01,0.061,0.001,0.006,6.87204050902619
dinov3_vitl16:grid4,flat_hopf_1365x12,16380,1,sunlamp,1000,110.16848074110852,116.13554000967773,174.18158497970015,0.0,0.0,0.0,0.005,0.037,0.0,0.005,6.689317678971173
dinov3_vitl16:grid4,flat_hopf_1365x12,16380,2,synthetic_val,1500,64.44063315521183,33.09956931217951,174.20545786926857,0.0,0.0026666666666666,0.0106666666666666,0.0713333333333333,0.3186666666666666,0.022,0.0473333333333333,6.683806060037357
dinov3_vitl16:grid4,flat_hopf_1365x12,16380,2,lightbox,1000,105.19557540569303,108.50521535315184,176.0387492047584,0.001,0.001,0.002,0.006,0.062,0.003,0.01,6.87204050902619
dinov3_vitl16:grid4,flat_hopf_1365x12,16380,2,sunlamp,1000,108.98861857443092,111.69038117584064,176.07202040700955,0.0,0.0,0.001,0.008,0.039,0.003,0.006,6.689317678971173
dinov3_vitl16:grid4,flat_hopf_10923x12,131076,0,synthetic_val,1500,69.9695993386769,38.38568546341206,174.76064775663195,0.0,0.004,0.0153333333333333,0.086,0.294,0.0026666666666666,0.008,5.9676515826368135
dinov3_vitl16:grid4,flat_hopf_10923x12,131076,0,lightbox,1000,108.60331810734289,116.726442242851,175.05025509123456,0.0,0.0,0.003,0.01,0.051,0.0,0.0,6.1633535420495
dinov3_vitl16:grid4,flat_hopf_10923x12,131076,0,sunlamp,1000,112.61627362242648,116.89632546019628,176.35763514287547,0.0,0.0,0.0,0.005,0.03,0.0,0.0,5.950508852928599
dinov3_vitl16:grid4,flat_hopf_10923x12,131076,1,synthetic_val,1500,69.62629182796722,42.060834681910976,174.1054210544657,0.0,0.002,0.01,0.0846666666666666,0.2986666666666667,0.002,0.008,5.9676515826368135
dinov3_vitl16:grid4,flat_hopf_10923x12,131076,1,lightbox,1000,111.43041925889204,120.3713661246737,175.76930870185032,0.0,0.0,0.001,0.008,0.05,0.0,0.0,6.1633535420495
dinov3_vitl16:grid4,flat_hopf_10923x12,131076,1,sunlamp,1000,111.134749152669,115.04621214004408,175.91563097743526,0.0,0.0,0.001,0.009,0.042,0.0,0.0,5.950508852928599
dinov3_vitl16:grid4,flat_hopf_10923x12,131076,2,synthetic_val,1500,70.18726398138735,38.14302193123946,174.80828036106377,0.0006666666666666,0.004,0.0146666666666666,0.086,0.2906666666666667,0.004,0.0086666666666666,5.9676515826368135
dinov3_vitl16:grid4,flat_hopf_10923x12,131076,2,lightbox,1000,109.6085936576318,114.83098718164948,176.2737950502465,0.0,0.0,0.002,0.008,0.048,0.0,0.0,6.1633535420495
dinov3_vitl16:grid4,flat_hopf_10923x12,131076,2,sunlamp,1000,111.2260672273524,115.69258435227552,175.40914014301734,0.0,0.0,0.0,0.004,0.027,0.0,0.001,5.950508852928599
moge2_vitl:normals16~and,flat_hopf_256x12,3072,0,synthetic_val,1500,50.048271598459145,16.374731401741553,175.1089873173822,0.0,0.0073333333333333,0.034,0.204,0.5993333333333334,0.224,0.454,8.682719864793397
moge2_vitl:normals16~and,flat_hopf_256x12,3072,0,lightbox,1000,77.58074990718465,66.43588266180393,176.51554762846365,0.0,0.001,0.01,0.092,0.339,0.108,0.256,8.819117385272186
moge2_vitl:normals16~and,flat_hopf_256x12,3072,0,sunlamp,1000,87.95250936340375,90.78131572285452,177.02360654640938,0.0,0.004,0.011,0.08,0.247,0.083,0.216,8.737938957727165
moge2_vitl:normals16~and,flat_hopf_256x12,3072,1,synthetic_val,1500,49.56947946476493,16.180327692211343,174.57072565364214,0.0,0.0093333333333333,0.0386666666666666,0.214,0.6053333333333333,0.2353333333333333,0.4393333333333333,8.682719864793397
moge2_vitl:normals16~and,flat_hopf_256x12,3072,1,lightbox,1000,78.06687593231487,71.91622109619165,175.79647754295166,0.0,0.002,0.013,0.102,0.344,0.111,0.261,8.819117385272186
moge2_vitl:normals16~and,flat_hopf_256x12,3072,1,sunlamp,1000,86.28792588344524,89.22830503179489,177.09841907369733,0.001,0.004,0.006,0.079,0.258,0.092,0.202,8.737938957727165
moge2_vitl:normals16~and,flat_hopf_256x12,3072,2,synthetic_val,1500,48.89603784243741,16.44818540477673,174.52227618307742,0.0,0.01,0.0406666666666666,0.2153333333333333,0.6086666666666667,0.2313333333333333,0.444,8.682719864793397
moge2_vitl:normals16~and,flat_hopf_256x12,3072,2,lightbox,1000,78.19250080501791,68.65637318927261,175.79901935124332,0.0,0.0,0.012,0.102,0.329,0.105,0.249,8.819117385272186
moge2_vitl:normals16~and,flat_hopf_256x12,3072,2,sunlamp,1000,86.73078364151239,89.39719890370338,176.91425219236356,0.0,0.004,0.007,0.069,0.241,0.081,0.197,8.737938957727165
moge2_vitl:normals16~and,flat_hopf_1365x12,16380,0,synthetic_val,1500,50.46257147416133,16.39084393335535,174.37630913074764,0.0,0.006,0.0373333333333333,0.228,0.584,0.0626666666666666,0.128,6.683806060037357
moge2_vitl:normals16~and,flat_hopf_1365x12,16380,0,lightbox,1000,86.56962530074787,86.14320844219574,176.55198644780407,0.001,0.003,0.017,0.08,0.263,0.03,0.058,6.87204050902619
moge2_vitl:normals16~and,flat_hopf_1365x12,16380,0,sunlamp,1000,91.62224015347353,97.0081732306358,176.0440068700787,0.0,0.004,0.007,0.057,0.21,0.021,0.046,6.689317678971173
moge2_vitl:normals16~and,flat_hopf_1365x12,16380,1,synthetic_val,1500,50.71013747491208,16.47404267393337,174.18573246362624,0.0,0.006,0.038,0.2206666666666666,0.5806666666666667,0.064,0.1226666666666666,6.683806060037357
moge2_vitl:normals16~and,flat_hopf_1365x12,16380,1,lightbox,1000,82.8482933772736,84.85315389073256,175.81749464698842,0.001,0.003,0.018,0.097,0.283,0.026,0.063,6.87204050902619
moge2_vitl:normals16~and,flat_hopf_1365x12,16380,1,sunlamp,1000,93.189678062865,99.51773657684538,176.06584890138305,0.0,0.003,0.005,0.063,0.207,0.024,0.053,6.689317678971173
moge2_vitl:normals16~and,flat_hopf_1365x12,16380,2,synthetic_val,1500,49.587045767736754,16.474823853932715,173.45338731006146,0.0,0.0033333333333333,0.0346666666666666,0.2253333333333333,0.582,0.06,0.1213333333333333,6.683806060037357
moge2_vitl:normals16~and,flat_hopf_1365x12,16380,2,lightbox,1000,84.83622386448403,86.04798633845189,176.64763238352134,0.001,0.004,0.019,0.095,0.282,0.029,0.064,6.87204050902619
moge2_vitl:normals16~and,flat_hopf_1365x12,16380,2,sunlamp,1000,90.99135809488732,95.75002349975624,176.0393042241992,0.0,0.002,0.005,0.054,0.209,0.017,0.049,6.689317678971173
moge2_vitl:normals16~and,flat_hopf_10923x12,131076,0,synthetic_val,1500,52.812608896039805,16.5314862237586,174.77000480497293,0.0,0.0106666666666666,0.0406666666666666,0.2313333333333333,0.5706666666666667,0.01,0.0173333333333333,5.9676515826368135
moge2_vitl:normals16~and,flat_hopf_10923x12,131076,0,lightbox,1000,89.33596025606333,91.11222401244444,176.47632746124484,0.0,0.003,0.016,0.069,0.232,0.001,0.005,6.1633535420495
moge2_vitl:normals16~and,flat_hopf_10923x12,131076,0,sunlamp,1000,96.2136908390343,101.72473134799507,176.11925111181316,0.0,0.001,0.011,0.038,0.189,0.001,0.001,5.950508852928599
moge2_vitl:normals16~and,flat_hopf_10923x12,131076,1,synthetic_val,1500,50.97303311674941,16.496965169564955,174.50483417391226,0.0,0.0073333333333333,0.038,0.224,0.572,0.0086666666666666,0.0153333333333333,5.9676515826368135
moge2_vitl:normals16~and,flat_hopf_10923x12,131076,1,lightbox,1000,87.83956714140673,89.05959335473197,177.0011175728467,0.0,0.005,0.02,0.077,0.252,0.002,0.005,6.1633535420495
moge2_vitl:normals16~and,flat_hopf_10923x12,131076,1,sunlamp,1000,96.20383654479932,101.22962026591154,176.28794642695584,0.0,0.002,0.011,0.049,0.184,0.0,0.003,5.950508852928599
moge2_vitl:normals16~and,flat_hopf_10923x12,131076,2,synthetic_val,1500,52.23127999809349,16.87036953393551,175.05536479870875,0.0,0.0086666666666666,0.04,0.226,0.5706666666666667,0.01,0.0153333333333333,5.9676515826368135
moge2_vitl:normals16~and,flat_hopf_10923x12,131076,2,lightbox,1000,85.14234068759934,87.59376515383549,175.8908543739497,0.0,0.004,0.019,0.075,0.256,0.002,0.005,6.1633535420495
moge2_vitl:normals16~and,flat_hopf_10923x12,131076,2,sunlamp,1000,95.14808048206274,101.12551687868329,176.3123012840034,0.0,0.002,0.011,0.049,0.177,0.001,0.001,5.950508852928599
