domain,comparison,metric,mean_diff,ci_low,ci_high
synthetic_val,spec_fused - and,leakage,0.07921526269157657,0.06767916818779338,0.09036628753904433
synthetic_val,spec_fused - and,recall,-0.16761030013425685,-0.1819437191109415,-0.15270481758990304
synthetic_val,spec_fused - and,iou,-0.20303668770976654,-0.21951593554819102,-0.18635747733757682
synthetic_val,spec_fused - and,boundary_f,-0.18089841430160344,-0.20319464833462167,-0.16011039694399287
synthetic_val,spec_fused - moge2,leakage,-0.12964660205509013,-0.1481935333666597,-0.1117914842697927
synthetic_val,spec_fused - moge2,recall,-0.20469972909425685,-0.2174345941546898,-0.19172057654538538
synthetic_val,spec_fused - moge2,iou,-0.009562035036433257,-0.033642382453594175,0.015310968889075427
synthetic_val,spec_fused - moge2,boundary_f,0.10669136103172991,0.07287482238939298,0.1396751184464696
synthetic_val,spec_fused - dino,leakage,0.03354473757157656,0.02296229554898957,0.04415327126195829
synthetic_val,spec_fused - dino,recall,-0.17788395080092353,-0.1919737083710718,-0.1629660987097249
synthetic_val,spec_fused - dino,iou,-0.04314597074976657,-0.05548837267322342,-0.030017937979621896
synthetic_val,spec_fused - dino,boundary_f,0.13111075483172988,0.1140265327080774,0.14829466838313646
synthetic_val,spec_dino - dino,leakage,-0.037438890821829635,-0.04171329404797582,-0.033561981396388246
synthetic_val,spec_dino - dino,recall,0.010472957380790794,0.004346461477965564,0.016870067055506605
synthetic_val,spec_dino - dino,iou,0.04777240910552371,0.044256138755795926,0.051704023625207665
synthetic_val,spec_dino - dino,boundary_f,0.06681608121360462,0.062063461014873464,0.07198353181318813
synthetic_val,spec_avg - and,leakage,0.09438977025563652,0.08406083007290542,0.10501614950914691
synthetic_val,spec_avg - and,recall,-0.022542339909114258,-0.03054273444341614,-0.014494929608393646
synthetic_val,spec_avg - and,iou,-0.1369711188739722,-0.15123314097170953,-0.12326568108845853
synthetic_val,spec_avg - and,boundary_f,-0.14535546470184219,-0.1663426019271402,-0.12443716871778632
lightbox,spec_fused - and,leakage,0.09795781294205605,0.08318928186704251,0.11196304185810267
lightbox,spec_fused - and,recall,-0.10237941231340296,-0.11510089209508467,-0.09001501148723953
lightbox,spec_fused - and,iou,-0.007979746827525794,-0.02575014484299744,0.009610163710573631
lightbox,spec_fused - and,boundary_f,0.2541866926641925,0.22755031899788633,0.2800918109642557
lightbox,spec_fused - moge2,leakage,-0.3060998853379439,-0.32607975092706293,-0.28542137624972863
lightbox,spec_fused - moge2,recall,-0.12194149391340296,-0.1336337299640387,-0.11077823361576128
lightbox,spec_fused - moge2,iou,0.3008168736524742,0.27888196679810257,0.3238152674372049
lightbox,spec_fused - moge2,boundary_f,0.5495098998641925,0.5220047505095031,0.5768384412564266
lightbox,spec_fused - dino,leakage,0.07871582290205605,0.06444053237103847,0.09203833399887026
lightbox,spec_fused - dino,recall,-0.10533661231340297,-0.11823941726412161,-0.09274074762888249
lightbox,spec_fused - dino,iou,0.029053147642474207,0.013441860361167422,0.04491912038916617
lightbox,spec_fused - dino,boundary_f,0.3316202402641925,0.3081897219746269,0.3544396237669548
lightbox,spec_dino - dino,leakage,-0.030963418624972764,-0.035417209592246826,-0.026741190307486343
lightbox,spec_dino - dino,recall,0.002077803685409872,-0.0034343630643700537,0.008071887531207418
lightbox,spec_dino - dino,iou,0.03230530853428229,0.028687584709304888,0.03588990303037777
lightbox,spec_dino - dino,boundary_f,0.043072515200022976,0.038244491589179405,0.047974828860537354
lightbox,spec_avg - and,leakage,0.10025094409628728,0.08671245015976142,0.11353667338162786
lightbox,spec_avg - and,recall,-0.03754582672511654,-0.047821185737543355,-0.027526671800977905
lightbox,spec_avg - and,iou,0.009710573028364512,-0.005619067419103406,0.025614338425106416
lightbox,spec_avg - and,boundary_f,0.27873525935485355,0.2552604315717642,0.30372431879948913
sunlamp,spec_fused - and,leakage,0.15986363822787994,0.1457751951117634,0.17363706070181903
sunlamp,spec_fused - and,recall,-0.1012585937396526,-0.11330545547665123,-0.08912709523943045
sunlamp,spec_fused - and,iou,-0.045759440167123494,-0.06154635370478233,-0.03050813719086266
sunlamp,spec_fused - and,boundary_f,0.288798234185731,0.267484405142483,0.3090123762300998
sunlamp,spec_fused - moge2,leakage,-0.2891264008021201,-0.3045937642295974,-0.27349888244366427
sunlamp,spec_fused - moge2,recall,-0.1072448037396526,-0.11932665903550078,-0.09546267127272264
sunlamp,spec_fused - moge2,iou,0.3058302348328765,0.2885124032782178,0.3231319677651783
sunlamp,spec_fused - moge2,boundary_f,0.577533807385731,0.5575180186432389,0.5982111800181933
sunlamp,spec_fused - dino,leakage,0.15470726900787996,0.1404185127776388,0.16826208660358363
sunlamp,spec_fused - dino,recall,-0.1014651237396526,-0.11354764210873229,-0.089427165064852
sunlamp,spec_fused - dino,iou,-0.038297950167123486,-0.053871202505394004,-0.023297934493621934
sunlamp,spec_fused - dino,boundary_f,0.313063748885731,0.2923716012256773,0.3323607065521173
sunlamp,spec_dino - dino,leakage,-0.009171150633513677,-0.012298506426362203,-0.006181070397244521
sunlamp,spec_dino - dino,recall,0.0009596464389791557,0.0005617747575361301,0.001431727793937202
sunlamp,spec_dino - dino,iou,0.00467763144129897,0.0024237448296958947,0.006970162524149963
sunlamp,spec_dino - dino,boundary_f,-0.0005478856828676338,-0.0036905619198260384,0.0025124857362484577
sunlamp,spec_avg - and,leakage,0.15633345674404922,0.14322939478700036,0.16932292715518638
sunlamp,spec_avg - and,recall,-0.048313632267649315,-0.05779813945239017,-0.03889814776650822
sunlamp,spec_avg - and,iou,-0.03545665171198273,-0.04918345631284038,-0.02142867325881419
sunlamp,spec_avg - and,boundary_f,0.28466850091239415,0.26506078524111437,0.3025399201278051
