seed	method	domain	latency_ms_per_image	n	mean_deg	median_deg	p95_deg	acc@1	acc@3	acc@5	acc@10	acc@20	leaf_mean_deg	leaf_median_deg
0	A	synthetic_val	0.26979366103390645	11994	16.84712369048729	5.9233714032277	101.04038670121297	0.006003001500750375	0.12923128230782058	0.3778555944638986	0.8030682007670502	0.895114223778556	16.823509216308594	5.890535354614258
0	A	lightbox_val	0.24957508290910577	1348	42.585251591624065	9.870457020503597	172.41173939513288	0.00370919881305638	0.04376854599406528	0.19213649851632048	0.5044510385756676	0.6602373887240356	42.57038116455078	9.79806900024414
0	A	lightbox_test	0.20765984093753803	5392	43.46085346399646	10.462912228207296	172.87051052904985	0.002410979228486647	0.04710682492581603	0.17600148367952523	0.4788575667655786	0.6552299703264095	43.4466552734375	10.443151473999023
0	A	sunlamp	0.2226478435881289	2791	60.29968275350779	17.717918766215888	176.06068394932416	0.0017914725904693658	0.027588677893228233	0.09638122536725188	0.3131494088140451	0.522393407380867	60.28980255126953	17.63275146484375
0	B	synthetic_val	0.24073005060523833	11994	16.84712369048729	5.9233714032277	101.04038670121297	0.006003001500750375	0.12923128230782058	0.3778555944638986	0.8030682007670502	0.895114223778556	16.823509216308594	5.890535354614258
0	B	lightbox_val	0.25822323932138325	1348	42.585251591624065	9.870457020503597	172.41173939513288	0.00370919881305638	0.04376854599406528	0.19213649851632048	0.5044510385756676	0.6602373887240356	42.57038116455078	9.79806900024414
0	B	lightbox_test	0.2077732577875743	5392	43.46085346399646	10.462912228207296	172.87051052904985	0.002410979228486647	0.04710682492581603	0.17600148367952523	0.4788575667655786	0.6552299703264095	43.4466552734375	10.443151473999023
0	B	sunlamp	0.2398630146995662	2791	60.29968275350779	17.717918766215888	176.06068394932416	0.0017914725904693658	0.027588677893228233	0.09638122536725188	0.3131494088140451	0.522393407380867	60.28980255126953	17.63275146484375
0	fused	synthetic_val	0.46894690265690503	11994	16.84712369048729	5.9233714032277	101.04038670121297	0.006003001500750375	0.12923128230782058	0.3778555944638986	0.8030682007670502	0.895114223778556	16.823509216308594	5.890535354614258
0	fused	lightbox_val	0.3681480000210091	1348	42.585251591624065	9.870457020503597	172.41173939513288	0.00370919881305638	0.04376854599406528	0.19213649851632048	0.5044510385756676	0.6602373887240356	42.57038116455078	9.79806900024414
0	fused	lightbox_test	0.4346931811963769	5392	43.46085346399646	10.462912228207296	172.87051052904985	0.002410979228486647	0.04710682492581603	0.17600148367952523	0.4788575667655786	0.6552299703264095	43.4466552734375	10.443151473999023
0	fused	sunlamp	0.4746553420337115	2791	60.29968275350779	17.717918766215888	176.06068394932416	0.0017914725904693658	0.027588677893228233	0.09638122536725188	0.3131494088140451	0.522393407380867	60.28980255126953	17.63275146484375
