features,domain,beam,mean_deg_mean,median_deg_mean,p95_deg_mean,acc@5_mean,acc@10_mean,acc@20_mean,root_acc_mean,path_acc_L1_mean,path_acc_L2_mean,path_acc_L3_mean,full_path_acc_mean,top5_leaf_recall_mean,L3_mean_deg_mean,nodes_scored_per_image_mean,mean_deg_std,median_deg_std,p95_deg_std,acc@5_std,acc@10_std,acc@20_std,root_acc_std,path_acc_L1_std,path_acc_L2_std,path_acc_L3_std,full_path_acc_std,top5_leaf_recall_std,L3_mean_deg_std,nodes_scored_per_image_std,n_seeds
moge2_vitl:depthconf16,lightbox,1,95.13635637875127,102.11374033381156,175.04005381093762,0.007,0.041,0.13933333333333334,0.451,0.24333333333333332,0.159,0.06133333333333333,0.004,,95.60488515811697,44.0,1.3138305668800383,2.3331472715023085,0.7438145556428069,0.0017320508075688774,0.006082762530298218,0.0075718777944003635,0.014798648586948755,0.012897028081435401,0.007000000000000006,0.006110100926607791,0.0,,1.1969469753724222,0.0,3
moge2_vitl:depthconf16,lightbox,2,96.02878450315457,104.6924814174467,175.1202180775515,0.008,0.04133333333333333,0.14533333333333331,0.44566666666666666,0.24133333333333332,0.15633333333333332,0.059,0.004333333333333334,,96.58631730189381,84.0,1.1217197906859422,1.6508058535957593,0.9126406286452778,0.002,0.0060277137733417046,0.006658328118479397,0.011718930554164635,0.013428824718989124,0.0098657657246325,0.006557438524301999,0.0005773502691896259,,1.0841504186833202,0.0,3
moge2_vitl:depthconf16,lightbox,4,96.68371669239686,105.27981563980926,175.43117630365964,0.008333333333333333,0.04033333333333333,0.146,0.436,0.239,0.15633333333333332,0.05833333333333333,0.004333333333333334,,97.28542212403117,164.0,0.8368301317310559,1.1345979618959265,0.37460997368914095,0.0020816659994661326,0.00665832811847939,0.002645751311064593,0.007549834435270756,0.009848857801796094,0.00814452781524708,0.006027713773341711,0.0011547005383792516,,0.8503579510745344,0.0,3
moge2_vitl:depthconf16,lightbox,8,96.8392112075378,105.33636126986642,175.20146745376076,0.008333333333333333,0.04,0.14566666666666664,0.434,0.2383333333333333,0.15566666666666665,0.057999999999999996,0.004333333333333334,0.010666666666666666,97.434534408538,292.0,0.8361814080249612,1.2452691826655566,0.6687986723554435,0.0020816659994661326,0.006557438524301997,0.0028867513459481338,0.006244997998398403,0.008962886439832498,0.006658328118479403,0.005999999999999998,0.0011547005383792516,0.002516611478423583,0.901776757573502,0.0,3
moge2_vitl:depthconf16,sunlamp,1,102.86519346851232,110.757639164931,175.86604470774418,0.007666666666666666,0.024333333333333335,0.09033333333333333,0.4246666666666667,0.18633333333333332,0.11399999999999999,0.042,0.0023333333333333335,,103.1313923611101,44.0,0.7164810750585014,2.0655780747694075,0.3888268953672789,0.0020816659994661326,0.0011547005383792522,0.003785938897200188,0.014742229591663993,0.00493288286231625,0.010440306508910546,0.008544003745317533,0.0015275252316519468,,0.8590500361387072,0.0,3
moge2_vitl:depthconf16,sunlamp,2,102.11555045348457,110.38099130090076,175.8224023281783,0.007333333333333333,0.027666666666666662,0.09800000000000002,0.42566666666666664,0.19166666666666665,0.119,0.041,0.0016666666666666668,,102.5031011203162,84.0,1.220832304114167,2.0774611963382528,0.6875210081767861,0.0011547005383792516,0.00404145188432738,0.002645751311064593,0.009451631252505217,0.0040414518843273845,0.004582575694955836,0.0019999999999999966,0.0011547005383792516,,1.2848864608244843,0.0,3
moge2_vitl:depthconf16,sunlamp,4,102.34325657091904,111.2420577731185,175.76951259128757,0.007666666666666666,0.028999999999999998,0.09833333333333334,0.4223333333333333,0.19000000000000003,0.11966666666666666,0.041666666666666664,0.0016666666666666668,,102.83518213267241,164.0,1.7579338158070934,4.233144247577326,0.7254127355728476,0.0015275252316519464,0.003,0.003785938897200188,0.015307950004273362,0.007000000000000006,0.008082903768654762,0.00404145188432738,0.0011547005383792516,,1.8416470381868526,0.0,3
moge2_vitl:depthconf16,sunlamp,8,102.67232599547447,111.41968180640727,175.63544239664876,0.007666666666666666,0.028999999999999998,0.09800000000000002,0.4216666666666667,0.19000000000000003,0.11933333333333333,0.041666666666666664,0.0016666666666666668,0.006333333333333334,103.18670921270325,292.0,1.3489833329502818,3.037354166019436,0.6114957035595651,0.0015275252316519464,0.003,0.002645751311064593,0.015275252316519458,0.006082762530298225,0.008020806277010644,0.003511884584284245,0.0011547005383792516,0.0015275252316519466,1.4429058231354526,0.0,3
moge2_vitl:depthconf16,synthetic_val,1,66.1121558693238,37.91378062378629,171.96016398607242,0.03266666666666663,0.13577777777777775,0.34933333333333333,0.6048888888888889,0.42533333333333334,0.308,0.15466666666666662,0.012222222222222167,,67.26894943297891,44.0,0.6907740865918043,2.2503984238380763,1.1468396353938983,0.002403700850309338,0.008282064512704114,0.0029059326290271333,0.007343427396381478,0.0017638342073763725,0.0040000000000000036,0.004371625682868022,0.0007698003589194822,,0.44157793777010657,0.0,3
moge2_vitl:depthconf16,synthetic_val,2,66.03277311513502,38.283689510401125,172.45284038867985,0.03355555555555553,0.14577777777777776,0.3533333333333333,0.6026666666666667,0.42488888888888887,0.30666666666666664,0.15466666666666665,0.011777777777777734,,67.24425337106851,84.0,0.7368642238973618,2.368375421246002,0.7653634015896065,0.0023412563895228453,0.012024666007527728,0.008717797887081314,0.003527668414752787,0.0013877773329774355,0.001333333333333346,0.005773502691896267,0.0010183501544346382,,0.5214939690164506,0.0,3
moge2_vitl:depthconf16,synthetic_val,4,66.52412144007478,38.9017875661687,172.4133251553749,0.03355555555555553,0.14577777777777776,0.3506666666666667,0.6013333333333334,0.4244444444444444,0.3073333333333333,0.15311111111111106,0.011777777777777734,,67.76664579352875,164.0,0.6679568617463055,2.7642347032108128,0.4128364271227648,0.0023412563895228453,0.01069440836934757,0.008819171036881934,0.0013333333333333253,0.004337604732431783,0.0035276684147527975,0.00615840287135597,0.0010183501544346382,,0.3720505689419955,0.0,3
moge2_vitl:depthconf16,synthetic_val,8,66.45274674844575,39.027587671610675,172.47507881551883,0.03355555555555553,0.1462222222222222,0.3506666666666667,0.6008888888888889,0.4242222222222222,0.3071111111111111,0.15288888888888885,0.011777777777777734,0.0304444444444444,67.69396003241988,292.0,0.7924736631066932,2.5498132928574795,0.4072380402640566,0.0023412563895228453,0.010378039492298338,0.00819213715162969,0.005047918529600267,0.00367171369819072,0.0030061665018819243,0.005975257626554979,0.0010183501544346382,0.004337604732431774,0.5033459122755397,0.0,3
moge2_vitl:grid4,lightbox,1,83.3482059771314,77.9698546207175,170.6732554792603,0.0013333333333333333,0.02,0.11266666666666668,0.5683333333333334,0.30266666666666664,0.14333333333333334,0.03766666666666667,0.0,,83.93408663754111,44.0,0.8647849378493867,1.5189909909912616,1.9305546416612493,0.0015275252316519468,0.0010000000000000009,0.0020816659994661365,0.011590225767142436,0.008020806277010649,0.008504900548115374,0.003511884584284246,0.0,,0.923644347565292,0.0,3
moge2_vitl:grid4,lightbox,2,83.04719748688264,78.17794627472387,170.37319411107572,0.0013333333333333333,0.021666666666666667,0.11566666666666665,0.5686666666666667,0.304,0.14733333333333332,0.039,0.0006666666666666666,,83.77531994188085,84.0,1.3238142531575363,2.315036457233237,1.034645201351369,0.0011547005383792516,0.0020816659994661317,0.003214550253664316,0.01563116545025776,0.010000000000000009,0.010115993936995691,0.0017320508075688787,0.0005773502691896258,,1.3538815384515122,0.0,3
moge2_vitl:grid4,lightbox,4,82.73311832591315,77.74049088964807,169.87465188857968,0.0013333333333333333,0.021666666666666667,0.11699999999999999,0.57,0.3053333333333333,0.14733333333333334,0.03866666666666666,0.0006666666666666666,,83.44862614045047,164.0,1.2084054663193862,1.9559572245732177,0.7263994752157512,0.0011547005383792516,0.0020816659994661317,0.0034641016151377487,0.015716233645501718,0.009073771725877476,0.010214368964029698,0.001527525231651949,0.0005773502691896258,,1.2119378933062968,0.0,3
moge2_vitl:grid4,lightbox,8,82.64749937992478,77.66798416580258,169.83847117306584,0.0013333333333333333,0.021666666666666667,0.11699999999999999,0.57,0.3053333333333333,0.14733333333333334,0.03866666666666666,0.0006666666666666666,0.005,83.35915400393156,292.0,1.3159133692153113,2.0782156051215694,0.7701367161039943,0.0011547005383792516,0.0020816659994661317,0.0034641016151377487,0.015716233645501718,0.009073771725877476,0.010214368964029698,0.001527525231651949,0.0005773502691896258,0.002,1.3190929774710125,0.0,3
moge2_vitl:grid4,sunlamp,1,83.85624058087153,81.15187935358749,168.9276778265233,0.0023333333333333335,0.015333333333333332,0.10099999999999999,0.5803333333333333,0.2733333333333334,0.13333333333333333,0.04,0.0013333333333333333,,84.83075495169162,44.0,1.0237515125333219,1.1998549212343075,0.7037204085607567,0.0011547005383792514,0.0023094010767585028,0.015524174696260034,0.01078579312490901,0.0011547005383792486,0.009609023536933051,0.005567764362830018,0.0011547005383792516,,1.0329570563880415,0.0,3
moge2_vitl:grid4,sunlamp,2,83.84297066371307,81.24751351689343,168.4554046727288,0.0023333333333333335,0.017,0.09999999999999999,0.5806666666666667,0.269,0.12966666666666668,0.039,0.0013333333333333333,,84.92914204112793,84.0,1.3062711246870595,1.2728048288133422,1.0449645110637147,0.0015275252316519468,0.003464101615137757,0.01833030277982336,0.01137248140615468,0.0010000000000000009,0.00802080627701065,0.0069999999999999975,0.0015275252316519468,,1.3906766306469713,0.0,3
moge2_vitl:grid4,sunlamp,4,84.01495016522583,81.65237122204499,169.10634694297985,0.0023333333333333335,0.016666666666666666,0.10033333333333333,0.58,0.26866666666666666,0.13033333333333333,0.039,0.0013333333333333333,,85.10958670814826,164.0,1.1842500316847793,1.652899049289178,1.0886706913503632,0.0015275252316519468,0.0028867513459481303,0.01761628034896508,0.011532562594670816,0.002081665999466129,0.00850490054811539,0.005999999999999997,0.0015275252316519468,,1.2600839920589948,0.0,3
moge2_vitl:grid4,sunlamp,8,84.02593410883391,81.65237122204499,169.10634694297985,0.0023333333333333335,0.016666666666666666,0.10033333333333333,0.58,0.26866666666666666,0.13033333333333333,0.039,0.0013333333333333333,0.004666666666666667,85.12719802858943,292.0,1.1999814091691916,1.652899049289178,1.0886706913503632,0.0015275252316519468,0.0028867513459481303,0.01761628034896508,0.011532562594670816,0.002081665999466129,0.00850490054811539,0.005999999999999997,0.0015275252316519468,0.0005773502691896255,1.2831263928545489,0.0,3
moge2_vitl:grid4,synthetic_val,1,39.59641129163172,21.22575730252732,150.72995113687236,0.030444444444444437,0.15422222222222215,0.47088888888888886,0.8375555555555555,0.6717777777777778,0.46822222222222226,0.2115555555555555,0.010888888888888866,,41.10211093388617,44.0,0.6057255930030124,0.40648191045781923,2.1787657084988443,0.0031505437508350764,0.001387777332977439,0.009895752923649881,0.0016777409856157434,0.004682512779045615,0.002694301256218282,0.004286067004885746,0.002523959264800098,,0.6291090533382689,0.0,3
moge2_vitl:grid4,synthetic_val,2,39.792822002220504,21.236799013541887,150.04614987786377,0.030666666666666634,0.1553333333333333,0.4697777777777778,0.8364444444444444,0.668888888888889,0.4673333333333333,0.20711111111111105,0.010666666666666635,,41.43149811589094,84.0,0.4528846400682748,0.47948648803696453,1.1965606526609822,0.004163331998932263,0.0035276684147527975,0.011591823427328903,0.0020367003088692924,0.00538860251243647,0.0020000000000000018,0.0016777409856157041,0.00133333333333335,,0.39835723340487444,0.0,3
moge2_vitl:grid4,synthetic_val,4,39.846253766570214,21.235472672455497,150.19854267062215,0.0304444444444444,0.15466666666666665,0.4693333333333333,0.8362222222222222,0.668888888888889,0.4668888888888889,0.2062222222222222,0.010666666666666635,,41.50923437720023,164.0,0.31787336186576,0.4170889426902875,1.2689339840954457,0.004438885412319611,0.004163331998932268,0.011015141094572252,0.0026943012562182784,0.0047297325897317595,0.002036700308869271,0.0010183501544346158,0.00133333333333335,,0.270300494681368,0.0,3
moge2_vitl:grid4,synthetic_val,8,39.855371317192386,21.22657687055763,150.19854267062215,0.0304444444444444,0.15466666666666665,0.4695555555555555,0.8362222222222222,0.668888888888889,0.4671111111111111,0.2064444444444444,0.010666666666666635,0.0384444444444444,41.518436767455405,292.0,0.2970752185463053,0.4259124097720137,1.2689339840954457,0.004438885412319611,0.004163331998932268,0.011181996111474798,0.0033554819712314776,0.0047297325897317595,0.0021430335024428854,0.0010183501544346173,0.00133333333333335,0.0015396007178390182,0.2481019443849317,0.0,3
moge2_vitl:l11_cls+mean,lightbox,1,112.21662218426555,120.07608860966621,174.2612582657695,0.0003333333333333333,0.005,0.022000000000000002,0.3633333333333333,0.10433333333333333,0.03266666666666667,0.005666666666666667,0.0,,112.5071297721156,44.0,1.3047696986745043,2.2674843423224336,0.3425996257069323,0.0005773502691896258,0.0026457513110645908,0.004000000000000001,0.00568624070307734,0.0020816659994661365,0.0037859388972001813,0.0020816659994661326,0.0,,1.3718813849778808,0.0,3
moge2_vitl:l11_cls+mean,lightbox,2,112.01572272016035,119.12761307656648,174.5388859163312,0.0003333333333333333,0.004666666666666667,0.018666666666666668,0.36599999999999994,0.10133333333333333,0.033,0.006000000000000001,0.0,,112.23491292587936,84.0,1.1835143288517838,2.4102149477191546,0.6348984428666182,0.0005773502691896258,0.0025166114784235835,0.005507570547286101,0.007211102550927985,0.0015275252316519425,0.003999999999999998,0.003605551275463989,0.0,,1.1396120363149986,0.0,3
moge2_vitl:l11_cls+mean,lightbox,4,112.21757270497402,119.59657658665355,174.8267861554034,0.0003333333333333333,0.005,0.01933333333333333,0.36366666666666664,0.10099999999999999,0.034333333333333334,0.006000000000000001,0.0,,112.44265131274013,164.0,1.3538391673111823,3.0533481453975018,0.8671987607487806,0.0005773502691896258,0.002,0.004509249752822893,0.006027713773341707,0.001999999999999993,0.004509249752822895,0.003605551275463989,0.0,,1.3355302213718863,0.0,3
moge2_vitl:l11_cls+mean,lightbox,8,112.2124611921649,119.6216940333204,174.79263991688364,0.0003333333333333333,0.005,0.01933333333333333,0.3633333333333333,0.10099999999999999,0.034333333333333334,0.006000000000000001,0.0,0.0003333333333333333,112.44736458578426,292.0,1.3479773803485378,3.0519272580468124,0.8136655994717926,0.0005773502691896258,0.002,0.004509249752822893,0.006110100926607798,0.001999999999999993,0.004509249752822895,0.003605551275463989,0.0,0.0005773502691896258,1.3320091436072403,0.0,3
moge2_vitl:l11_cls+mean,sunlamp,1,111.10460270739854,115.47391696412171,174.14851098575556,0.0003333333333333333,0.0030000000000000005,0.02033333333333333,0.3973333333333333,0.09899999999999999,0.03266666666666667,0.008666666666666666,0.0003333333333333333,,111.60373252029417,44.0,1.3829354125905995,1.174376433556273,0.30665449194703603,0.0005773502691896258,0.001,0.007371114795831995,0.014571661996262943,0.010440306508910549,0.009073771725877462,0.004509249752822893,0.0005773502691896258,,1.4240725734131892,0.0,3
moge2_vitl:l11_cls+mean,sunlamp,2,111.06391221253735,115.37101080493949,174.49296365393897,0.0003333333333333333,0.0036666666666666666,0.020666666666666667,0.3960000000000001,0.09666666666666666,0.03133333333333333,0.008666666666666666,0.0003333333333333333,,111.64865222642304,84.0,0.8024169359755616,1.086710060210948,0.298152372829916,0.0005773502691896258,0.0015275252316519468,0.004509249752822894,0.013076696830622032,0.011930353445448849,0.00776745346515403,0.003214550253664318,0.0005773502691896258,,0.7358318972727017,0.0,3
moge2_vitl:l11_cls+mean,sunlamp,4,111.1740238453749,115.73462492498918,174.3220473668599,0.0003333333333333333,0.0036666666666666666,0.020666666666666667,0.39433333333333337,0.09666666666666668,0.030666666666666665,0.008333333333333333,0.0003333333333333333,,111.75297820102526,164.0,0.8742394068945101,1.2790199238703177,0.31066501574481586,0.0005773502691896258,0.0015275252316519468,0.004509249752822894,0.011930353445448872,0.013051181300301265,0.008326663997864532,0.003055050463303892,0.0005773502691896258,,0.8728093452918907,0.0,3
moge2_vitl:l11_cls+mean,sunlamp,8,111.13989609705646,115.63985972610527,174.3220473668599,0.0003333333333333333,0.0036666666666666666,0.020666666666666667,0.39399999999999996,0.09666666666666668,0.030666666666666665,0.008333333333333333,0.0003333333333333333,0.0016666666666666668,111.72034075710575,292.0,0.8757764959497312,1.1268643230792865,0.31066501574481586,0.0005773502691896258,0.0015275252316519468,0.004509249752822894,0.011532562594670807,0.013051181300301265,0.008326663997864532,0.003055050463303892,0.0005773502691896258,0.0005773502691896257,0.865870529167601,0.0,3
moge2_vitl:l11_cls+mean,synthetic_val,1,53.81380252284719,28.336942733323507,167.63685096990704,0.02311111111111107,0.1084444444444444,0.35999999999999993,0.7626666666666667,0.5397777777777778,0.36399999999999993,0.14977777777777776,0.009111111111111068,,54.98802404845454,44.0,0.4522986653386386,1.0044002056360706,1.036096164911042,0.0030792014356779847,0.004018475848894465,0.01507020607394304,0.0040000000000000036,0.010029585863463817,0.010263202878893785,0.01037803949229828,0.004073400617738531,,0.5408563813172534,0.0,3
moge2_vitl:l11_cls+mean,synthetic_val,2,53.92259780450765,28.1487164508425,167.7141273727649,0.022444444444444402,0.1104444444444444,0.36599999999999994,0.7584444444444444,0.5359999999999999,0.3615555555555556,0.14999999999999997,0.009111111111111068,,55.115982197295295,84.0,0.7622412464762687,1.031177246918447,0.8147673540686453,0.0042860670048857664,0.001924500897298734,0.014712050993809279,0.002341256389522823,0.013316656236958813,0.012513696200267627,0.006359594676112986,0.004073400617738531,,0.8456069245056066,0.0,3
moge2_vitl:l11_cls+mean,synthetic_val,4,54.023507920455764,28.249421504056162,167.93365041817566,0.02266666666666663,0.11111111111111106,0.36377777777777776,0.7584444444444444,0.5346666666666667,0.3591111111111111,0.1493333333333333,0.009333333333333268,,55.24151287687234,164.0,0.5555538088537125,0.9502543651022209,1.1896655613331857,0.004163331998932265,0.00367171369819072,0.014005290005856662,0.0021430335024428676,0.01201850425154664,0.010715167512214381,0.00581186525805424,0.004163331998932265,,0.6492710673734777,0.0,3
moge2_vitl:l11_cls+mean,synthetic_val,8,54.02149030299105,28.26626417230517,167.93365041817566,0.02266666666666663,0.11111111111111106,0.36377777777777776,0.7584444444444444,0.5346666666666667,0.3591111111111111,0.1493333333333333,0.009333333333333268,0.028444444444444435,55.23541511830689,292.0,0.5566964133829736,0.9712557617491979,1.1896655613331857,0.004163331998932265,0.00367171369819072,0.014005290005856662,0.0021430335024428676,0.01201850425154664,0.010715167512214381,0.00581186525805424,0.004163331998932265,0.002694301256218239,0.6537440905454421,0.0,3
moge2_vitl:l17_cls+mean,lightbox,1,107.79891494575675,114.84563417318789,174.7840187251993,0.0006666666666666666,0.008,0.047999999999999994,0.40599999999999997,0.155,0.07266666666666667,0.015666666666666666,0.0003333333333333333,,108.39777703970157,44.0,2.0535149645817143,3.7321527232976135,0.8569085012203866,0.0011547005383792516,0.0026457513110645908,0.004000000000000001,0.023643180835073763,0.008888194417315596,0.002516611478423581,0.002309401076758505,0.0005773502691896258,,2.0142152960941457,0.0,3
moge2_vitl:l17_cls+mean,lightbox,2,107.24102365389588,113.9365064087707,174.79627155004513,0.0006666666666666666,0.009333333333333334,0.048666666666666664,0.40599999999999997,0.158,0.073,0.017333333333333336,0.0003333333333333333,,107.87397588674158,84.0,1.8460154122538197,3.9697949561221177,1.1526898349990553,0.0005773502691896258,0.003785938897200182,0.0032145502536643214,0.020999999999999984,0.009539392014169465,0.00435889894354067,0.002309401076758503,0.0005773502691896258,,1.895035922514092,0.0,3
moge2_vitl:l17_cls+mean,lightbox,4,107.13707609368144,113.73883197784033,174.8269340039359,0.0006666666666666666,0.009666666666666665,0.04866666666666667,0.4053333333333333,0.157,0.07266666666666667,0.017333333333333336,0.0003333333333333333,,107.80326867915592,164.0,1.7089549633591756,3.9864152026315414,1.1573580880420404,0.0005773502691896258,0.0023094010767585028,0.0023094010767585062,0.022368132093076816,0.006928203230275515,0.004932882862316245,0.002516611478423583,0.0005773502691896258,,1.7670363975714292,0.0,3
moge2_vitl:l17_cls+mean,lightbox,8,107.09445387997812,113.6514023078811,174.8269340039359,0.0006666666666666666,0.009666666666666665,0.04866666666666667,0.4056666666666667,0.157,0.07266666666666667,0.017333333333333336,0.0003333333333333333,0.0013333333333333333,107.75987211689875,292.0,1.7282383650090754,4.068125138222413,1.1573580880420404,0.0005773502691896258,0.0023094010767585028,0.0023094010767585062,0.022941955743426345,0.006928203230275515,0.004932882862316245,0.002516611478423583,0.0005773502691896258,0.0015275252316519468,1.7930034020202927,0.0,3
moge2_vitl:l17_cls+mean,sunlamp,1,106.76359086495326,110.00506612123439,175.03255169483637,0.0006666666666666666,0.007333333333333333,0.03666666666666667,0.4143333333333333,0.12733333333333333,0.051,0.013999999999999999,0.0006666666666666666,,107.48916108168014,44.0,1.5227696353676152,3.0849370028704337,0.4837246184201814,0.0005773502691896258,0.003785938897200182,0.005686240703077323,0.014843629385474863,0.00850490054811539,0.005291502622129185,0.002645751311064591,0.0005773502691896258,,1.616765661997772,0.0,3
moge2_vitl:l17_cls+mean,sunlamp,2,106.78320859229171,110.13800969811705,174.8286644017456,0.001,0.008333333333333333,0.037333333333333336,0.41133333333333333,0.127,0.051,0.013666666666666666,0.001,,107.55418143563001,84.0,0.9483688605562235,1.7074580249128606,0.2763233293333171,0.001,0.003055050463303892,0.00642910050732864,0.013576941236277517,0.006244997998398403,0.006000000000000001,0.004509249752822894,0.001,,0.8869488282925637,0.0,3
moge2_vitl:l17_cls+mean,sunlamp,4,107.01425291083422,110.39602329951356,175.060078583352,0.001,0.008333333333333333,0.03766666666666667,0.41,0.12533333333333332,0.049999999999999996,0.013666666666666666,0.001,,107.77990127363093,164.0,0.881506220281461,1.9009376841201107,0.2517721628739704,0.001,0.003055050463303892,0.0066583281184793945,0.013114877048603975,0.004163331998932266,0.005000000000000004,0.004509249752822894,0.001,,0.7209816722651383,0.0,3
moge2_vitl:l17_cls+mean,sunlamp,8,106.96574644803366,110.35499184696637,175.04529544876652,0.001,0.008333333333333333,0.03766666666666667,0.4096666666666667,0.12533333333333332,0.049999999999999996,0.013666666666666666,0.001,0.0023333333333333335,107.73636920221121,292.0,0.9213413858176784,1.9632381049969905,0.2726769225472507,0.001,0.003055050463303892,0.0066583281184793945,0.014047538337136976,0.004163331998932266,0.005000000000000004,0.004509249752822894,0.001,0.002309401076758503,0.7906407416583117,0.0,3
moge2_vitl:l17_cls+mean,synthetic_val,1,45.226766653509195,22.575922714345165,160.44156066010257,0.03,0.15244444444444438,0.4548888888888889,0.8253333333333334,0.6326666666666667,0.4453333333333333,0.2064444444444444,0.010666666666666632,,46.61334444063241,44.0,0.7510116252528989,0.8913282995632998,2.1320297717055317,0.001999999999999999,0.004438885412319592,0.01018350154434632,0.0024037008503092964,0.0035276684147527507,0.0040000000000000036,0.0042860670048857534,0.0011547005383792522,,0.7562425294205253,0.0,3
moge2_vitl:l17_cls+mean,synthetic_val,2,45.34091152455564,22.527417134840306,160.8626783117361,0.029333333333333298,0.1553333333333333,0.45399999999999996,0.8226666666666667,0.6311111111111112,0.44422222222222213,0.20311111111111105,0.010666666666666666,,46.85869242791313,84.0,0.3256872447205303,1.016297489572347,1.0382386708133045,0.0037118429085533345,0.0013333333333332975,0.011566234381931675,0.005291502622129186,0.0039063101847215485,0.0053472041846737775,0.0026943012562182767,0.0011547005383792518,,0.3272745247760976,0.0,3
moge2_vitl:l17_cls+mean,synthetic_val,4,45.43652936803125,22.513989835675407,161.16802988568134,0.029555555555555533,0.1551111111111111,0.45422222222222225,0.8222222222222223,0.6297777777777778,0.4433333333333333,0.2022222222222222,0.010666666666666666,,46.95863655178899,164.0,0.30688579499015567,1.0338064384277816,1.0183468979815036,0.003671713698190717,0.002775554665954834,0.014084401668880754,0.006710963942462916,0.004337604732431804,0.005456901847914983,0.004018475848894461,0.0011547005383792518,,0.2713919127080488,0.0,3
moge2_vitl:l17_cls+mean,synthetic_val,8,45.438566728398776,22.513989835675407,161.16802988568134,0.029555555555555533,0.1551111111111111,0.45422222222222225,0.8224444444444444,0.6297777777777778,0.4433333333333333,0.2022222222222222,0.010666666666666666,0.038666666666666634,46.959567600035825,292.0,0.31543140029836086,1.0338064384277816,1.0183468979815036,0.003671713698190717,0.002775554665954834,0.014084401668880754,0.00640601569128871,0.004337604732431804,0.005456901847914983,0.004018475848894461,0.0011547005383792518,0.0024037008503092964,0.27963278700598837,0.0,3
moge2_vitl:l23_cls,lightbox,1,102.91309656191243,106.61571333684941,174.13622703285986,0.001,0.009333333333333334,0.04633333333333334,0.42733333333333334,0.141,0.05933333333333333,0.021,0.0006666666666666666,,103.27184809785854,44.0,1.0973482752811536,1.5826709393280518,0.8449485782896987,0.001,0.0020816659994661317,0.00814452781524708,0.002081665999466142,0.0019999999999999844,0.005507570547286104,0.00721110255092798,0.0005773502691896258,,1.0940378143770675,0.0,3
moge2_vitl:l23_cls,lightbox,2,103.38627631975633,107.80527228956502,174.2060410061916,0.001,0.009666666666666665,0.04633333333333334,0.4303333333333333,0.1396666666666667,0.056999999999999995,0.019666666666666666,0.0006666666666666666,,103.76214451671014,84.0,1.04110831858791,1.043994596217799,0.6654168383321593,0.001,0.0005773502691896266,0.00814452781524708,0.0072341781380702375,0.001527525231651939,0.006557438524302002,0.007094598884597587,0.0005773502691896258,,1.0670924645048647,0.0,3
moge2_vitl:l23_cls,lightbox,4,103.44779269546059,107.96093344120759,174.28601975223273,0.001,0.009,0.04700000000000001,0.431,0.1396666666666667,0.056333333333333326,0.018666666666666668,0.0006666666666666666,,103.822672527248,164.0,0.7801927263615831,0.7445871715524754,0.7265640448070247,0.001,0.0009999999999999996,0.005196152422706632,0.007211102550927985,0.0011547005383792405,0.004041451884327381,0.005507570547286102,0.0005773502691896258,,0.8099519471679026,0.0,3
moge2_vitl:l23_cls,lightbox,8,103.40308375225173,107.70608151018318,174.22187339012922,0.001,0.009,0.04733333333333334,0.43166666666666664,0.14,0.056333333333333326,0.018666666666666668,0.0006666666666666666,0.002,103.77095342412072,292.0,0.7294305909873023,0.7098265733129613,0.7060337140277503,0.001,0.0009999999999999996,0.004618802153517007,0.0070945988845976,0.001732050807568859,0.004041451884327381,0.005507570547286102,0.0005773502691896258,0.001,0.7529810730845395,0.0,3
moge2_vitl:l23_cls,sunlamp,1,105.41791013036534,109.05622593930633,173.38089971842746,0.001,0.006333333333333333,0.025666666666666667,0.462,0.11366666666666668,0.04699999999999999,0.014666666666666666,0.0006666666666666666,,105.82146635450401,44.0,1.4131415880252602,1.527038403775392,0.5474527437767757,0.0,0.001527525231651947,0.0025166114784235826,0.013114877048603967,0.002516611478423584,0.005291502622129181,0.00404145188432738,0.0005773502691896258,,1.6230230368771599,0.0,3
moge2_vitl:l23_cls,sunlamp,2,105.39674476760935,109.43407164104474,173.7373067951548,0.001,0.005333333333333333,0.024666666666666667,0.46166666666666667,0.113,0.04733333333333334,0.012666666666666666,0.0006666666666666666,,105.8286066029634,84.0,1.4849620836498454,2.1471643811606302,0.27071771979606707,0.0,0.002309401076758503,0.0011547005383792505,0.017156145643277,0.0034641016151377574,0.003785938897200186,0.0032145502536643183,0.0005773502691896258,,1.5894355510662619,0.0,3
moge2_vitl:l23_cls,sunlamp,4,105.53702668192518,109.9886365132624,173.46155860293848,0.001,0.005,0.023333333333333334,0.4613333333333333,0.11333333333333334,0.04666666666666667,0.012666666666666666,0.0006666666666666666,,106.02992864479212,164.0,1.439837489690821,1.4283467041437907,0.14804183690302672,0.0,0.0026457513110645908,0.0015275252316519477,0.016921386861996075,0.0028867513459481303,0.0025166114784235852,0.0032145502536643183,0.0005773502691896258,,1.537307612088413,0.0,3
moge2_vitl:l23_cls,sunlamp,8,105.62123334290722,110.2121051167331,173.40089185823476,0.001,0.005,0.023333333333333334,0.4603333333333333,0.11266666666666668,0.04666666666666667,0.012666666666666666,0.0006666666666666666,0.0006666666666666666,106.12412619440147,292.0,1.4083434826069974,1.4071609034052068,0.24299148094311668,0.0,0.0026457513110645908,0.0015275252316519477,0.017243356208503386,0.0040414518843273845,0.0025166114784235852,0.0032145502536643183,0.0005773502691896258,0.0005773502691896258,1.5264394375941461,0.0,3
moge2_vitl:l23_cls,synthetic_val,1,52.317295688358705,26.776934449255734,165.5340216769017,0.0182222222222222,0.11955555555555553,0.38399999999999995,0.8075555555555556,0.5233333333333333,0.3651111111111111,0.16199999999999995,0.0071111111111111,,53.587750879276236,44.0,0.20609543719084905,0.4721517123919639,0.2037649754358982,0.0038490017945974663,0.003671713698190711,0.009820613241770838,0.004537906190369326,0.004666666666666605,0.0048227854253801005,0.0040551750201988125,0.0030061665018819286,,0.11557624957164424,0.0,3
moge2_vitl:l23_cls,synthetic_val,2,52.6281038832411,26.118028604240035,166.59875602457382,0.018888888888888834,0.12222222222222216,0.3877777777777777,0.8026666666666666,0.5208888888888888,0.3648888888888888,0.1593333333333333,0.007555555555555533,,54.029361412967866,84.0,0.4170953339123053,0.5092779867932945,0.11335429086253064,0.005047918529600231,0.006049181150584977,0.007190528749939362,0.00926162932629989,0.005669933698743628,0.00453790619036938,0.004666666666666637,0.0033554819712314134,,0.3347876514957835,0.0,3
moge2_vitl:l23_cls,synthetic_val,4,52.68696437916753,26.199498513361075,166.559111801373,0.0182222222222222,0.11999999999999998,0.3877777777777777,0.8035555555555556,0.5204444444444444,0.36577777777777776,0.16066666666666662,0.007333333333333333,,54.108930862937676,164.0,0.3625343310182228,0.5937633136147058,0.6467144526235343,0.004438885412319587,0.004371625682867969,0.007726817178094979,0.00712845108104245,0.0026943012562182017,0.005975257626554954,0.005206833117271143,0.0030550504633038936,,0.2667384794030718,0.0,3
moge2_vitl:l23_cls,synthetic_val,8,52.67082691605339,26.16064664172659,166.56712927987675,0.0182222222222222,0.12022222222222219,0.3882222222222222,0.8031111111111112,0.5202222222222223,0.36577777777777776,0.1604444444444444,0.007333333333333333,0.030222222222222168,54.101173615166395,292.0,0.30630428399418247,0.5427230668318175,0.6479333005499064,0.004438885412319587,0.004337604732431778,0.007343427396381456,0.0073434273963815,0.0030061665018819316,0.005975257626554954,0.005003702332976785,0.0030550504633038936,0.007343427396381486,0.19116432569170744,0.0,3
moge2_vitl:l23_cls+mean,lightbox,1,101.10270787546914,103.87413689764539,174.26498682692008,0.001,0.009666666666666665,0.050333333333333334,0.4383333333333333,0.155,0.058666666666666666,0.014,0.0,,101.49323376734826,44.0,1.9427768916514814,4.240274392275098,0.8202817867669951,0.001,0.004163331998932266,0.00472581562625261,0.01569500982265809,0.005291502622129186,0.0015275252316519442,0.004358898943540674,0.0,,1.969170637026251,0.0,3
moge2_vitl:l23_cls+mean,lightbox,2,101.24343139704858,104.60206634012413,174.4170092716017,0.001,0.007666666666666666,0.049999999999999996,0.4406666666666667,0.15633333333333332,0.05833333333333333,0.014333333333333332,0.0,,101.73465641462242,84.0,1.8265279817350757,3.8391178405841164,0.6138307153616039,0.001,0.0005773502691896259,0.002645751311064588,0.018147543451754948,0.006506407098647718,0.003055050463303893,0.0030550504633038945,0.0,,1.9532405793604999,0.0,3
moge2_vitl:l23_cls+mean,lightbox,4,101.43211755792714,104.52826142327541,174.56528126540545,0.001,0.007333333333333333,0.049666666666666665,0.43966666666666665,0.155,0.057333333333333326,0.013333333333333334,0.0,,101.9693866244897,164.0,1.5818232667226515,3.5473658814879725,0.4787314161452068,0.001,0.0005773502691896259,0.0025166114784235844,0.019502136635080117,0.006244997998398403,0.0032145502536643153,0.0020816659994661326,0.0,,1.6676693125232978,0.0,3
moge2_vitl:l23_cls+mean,lightbox,8,101.41210298926684,104.47548605909725,174.56528126540545,0.001,0.007333333333333333,0.049999999999999996,0.44,0.15533333333333332,0.057666666666666665,0.013333333333333334,0.0,0.0013333333333333333,101.94306242349633,292.0,1.554270044870281,3.458531467891264,0.4787314161452068,0.001,0.0005773502691896259,0.003,0.020000000000000018,0.0066583281184794,0.0028867513459481246,0.0020816659994661326,0.0,0.002309401076758503,1.638009224285443,0.0,3
moge2_vitl:l23_cls+mean,sunlamp,1,101.8285541303242,102.66425722799039,173.3833418294848,0.001,0.006666666666666667,0.03166666666666667,0.49066666666666664,0.14100000000000001,0.055,0.015333333333333332,0.0003333333333333333,,102.3013610617695,44.0,0.24518760214641816,1.5686131033559518,0.2629359693108599,0.001,0.0020816659994661326,0.002516611478423584,0.014742229591664005,0.0055677643628300084,0.0017320508075688787,0.0020816659994661335,0.0005773502691896258,,0.41033983495306353,0.0,3
moge2_vitl:l23_cls+mean,sunlamp,2,101.62381780674563,102.57747196864064,173.63823271581873,0.001,0.006999999999999999,0.032,0.48266666666666663,0.14133333333333334,0.056999999999999995,0.015,0.0003333333333333333,,102.11469005380548,84.0,0.10335050127920385,1.365866347914758,0.10677362451963858,0.001,0.0017320508075688767,0.006000000000000001,0.01305118130030128,0.0020816659994661083,0.002645751311064593,0.0010000000000000007,0.0005773502691896258,,0.3498207620597461,0.0,3
moge2_vitl:l23_cls+mean,sunlamp,4,101.68747493705926,102.76295732625113,173.34548984426317,0.001,0.006666666666666667,0.03133333333333333,0.48466666666666663,0.14,0.05633333333333334,0.015,0.0003333333333333333,,102.18053345884461,164.0,0.34127158828882526,1.3780727796104228,0.38920942730795544,0.001,0.0020816659994661326,0.005033222956847168,0.013503086067019414,0.001999999999999981,0.002081665999466135,0.0010000000000000007,0.0005773502691896258,,0.43205643503454555,0.0,3
moge2_vitl:l23_cls+mean,sunlamp,8,101.6933338196096,102.7940113441997,173.34548984426317,0.001,0.006666666666666667,0.03133333333333333,0.4843333333333333,0.14,0.05633333333333334,0.015,0.0003333333333333333,0.0013333333333333333,102.18184224863263,292.0,0.32782175120176066,1.281558491514888,0.38920942730795544,0.001,0.0020816659994661326,0.005033222956847168,0.013503086067019401,0.001999999999999981,0.002081665999466135,0.0010000000000000007,0.0005773502691896258,0.0005773502691896257,0.3711550651234528,0.0,3
moge2_vitl:l23_cls+mean,synthetic_val,1,52.15427912402523,25.91433311373267,165.60705119437316,0.017999999999999964,0.1224444444444444,0.39111111111111113,0.8111111111111112,0.5297777777777778,0.3795555555555555,0.1584444444444444,0.007111111111111067,,53.46321545786543,44.0,0.37570194037933136,1.3804916544452863,1.012908068077953,0.0024037008503093355,0.005003702332976755,0.008335555259338271,0.003355481971231413,0.0073736266769053255,0.0069388866648871,0.012153341256778069,0.0026943012562182893,,0.39639758785078294,0.0,3
moge2_vitl:l23_cls+mean,synthetic_val,2,52.14364300433746,25.88469283949168,166.29425523215227,0.0193333333333333,0.12488888888888883,0.39266666666666666,0.8117777777777778,0.5313333333333333,0.3773333333333333,0.15555555555555547,0.0073333333333333,,53.608205668952536,84.0,0.34370065669930117,1.3339326850946847,1.0464919557623198,0.0020000000000000013,0.002341256389522843,0.008743251365736037,0.004537906190369404,0.006359594676112972,0.006765927710061462,0.009645570850760307,0.0017638342073763875,,0.16396287894401312,0.0,3
moge2_vitl:l23_cls+mean,synthetic_val,4,52.42127759813487,26.124351214525415,166.09066364958065,0.01955555555555553,0.12377777777777776,0.3893333333333333,0.8104444444444444,0.5275555555555554,0.3744444444444444,0.1542222222222222,0.0073333333333333,,53.94053977150086,164.0,0.13034748221815887,1.4397095857708,1.1462603871091268,0.002143033502442893,0.002036700308869268,0.010913803695829932,0.00384900179459745,0.007726817178094948,0.00667776853391857,0.010205300002848937,0.0017638342073763875,,0.05127919279012052,0.0,3
moge2_vitl:l23_cls+mean,synthetic_val,8,52.4473658841471,26.110670861145852,166.27313849530074,0.01977777777777773,0.12422222222222219,0.3897777777777778,0.8111111111111112,0.528,0.37466666666666665,0.1544444444444444,0.0073333333333333,0.03155555555555554,53.97067860011722,292.0,0.13717963736779457,1.4626176880144628,0.958129071017662,0.0025239592648000986,0.0023412563895227963,0.011201851698780955,0.0032885885748774792,0.007859884081701045,0.007055336829505546,0.0100295858634638,0.0017638342073763875,0.005429685210164724,0.09470631868202418,0.0,3
moge2_vitl:l23_mean,lightbox,1,108.53635081233715,114.64268533512899,175.23928318613935,0.001,0.006666666666666667,0.03333333333333333,0.4033333333333333,0.124,0.052,0.013,0.0003333333333333333,,108.68815314089004,44.0,0.45711631922922125,2.483358364757735,0.8618394491595882,0.001,0.0011547005383792516,0.003214550253664319,0.004041451884327365,0.0062449979983984,0.0019999999999999966,0.0009999999999999998,0.0005773502691896258,,0.6185356047458602,0.0,3
moge2_vitl:l23_mean,lightbox,2,109.08770557735613,115.55024832341172,175.2720881784478,0.001,0.007666666666666666,0.03666666666666667,0.3993333333333333,0.12233333333333334,0.05533333333333334,0.013666666666666667,0.0003333333333333333,,109.33680973033142,84.0,0.9859343070852603,1.8591419083491745,0.5318865327666462,0.001,0.0030550504633038928,0.0020816659994661317,0.011060440015358027,0.002081665999466134,0.0028867513459481303,0.0015275252316519457,0.0005773502691896258,,1.2626121810008868,0.0,3
moge2_vitl:l23_mean,lightbox,4,109.19721535388597,115.76475485151362,175.3591958059017,0.001,0.007666666666666666,0.036,0.40066666666666667,0.12233333333333334,0.055,0.013666666666666667,0.0003333333333333333,,109.4668095755033,164.0,0.8056868410431642,1.789128766429817,0.4160756693983344,0.001,0.003511884584284246,0.0009999999999999966,0.012013880860626715,0.002081665999466134,0.0030000000000000027,0.0015275252316519457,0.0005773502691896258,,0.9858530987326334,0.0,3
moge2_vitl:l23_mean,lightbox,8,109.11923842742772,115.75246259610249,175.40643889983778,0.001,0.007666666666666666,0.036333333333333336,0.40066666666666667,0.12233333333333334,0.055,0.013666666666666667,0.0003333333333333333,0.0006666666666666666,109.41650719746531,292.0,0.53845866131383,1.7635341167807548,0.4479458522524621,0.001,0.003511884584284246,0.0015275252316519457,0.012013880860626715,0.002081665999466134,0.0030000000000000027,0.0015275252316519457,0.0005773502691896258,0.0005773502691896258,0.7108061513906847,0.0,3
moge2_vitl:l23_mean,sunlamp,1,107.7533088896381,110.04866493633652,174.64106817886696,0.0003333333333333333,0.004,0.021333333333333333,0.41,0.11366666666666668,0.03766666666666667,0.007333333333333333,0.0003333333333333333,,108.20853024267153,44.0,1.9314665878751338,1.7176520849299757,0.7937363550274307,0.0005773502691896258,0.0026457513110645908,0.00650640709864771,0.014525839046333906,0.013316656236958777,0.0041633319989322634,0.0025166114784235835,0.0005773502691896258,,1.9396333983255993,0.0,3
moge2_vitl:l23_mean,sunlamp,2,107.24529599324241,109.59780082463642,174.5007286895465,0.0006666666666666666,0.004333333333333334,0.024000000000000004,0.4136666666666667,0.11533333333333333,0.03933333333333333,0.008333333333333333,0.0003333333333333333,,107.75152728815921,84.0,1.917423824666788,1.9363877050266691,0.8351334550746333,0.0005773502691896258,0.0015275252316519468,0.007549834435270749,0.02084066537645413,0.015821925715074424,0.007234178138070233,0.0025166114784235826,0.0005773502691896258,,1.9032300498293533,0.0,3
moge2_vitl:l23_mean,sunlamp,4,107.31854538310272,109.8059327550841,174.42692822604457,0.0006666666666666666,0.005,0.024333333333333332,0.4116666666666666,0.11466666666666665,0.04,0.008,0.0003333333333333333,,107.83628362697316,164.0,1.791035464528764,1.062339408228,0.7212844404721327,0.0005773502691896258,0.001,0.006506407098647714,0.02059935274064047,0.016921386861996072,0.009539392014169455,0.002,0.0005773502691896258,,1.8256877792460333,0.0,3
moge2_vitl:l23_mean,sunlamp,8,107.28512193401161,109.74175542335,174.48953279381715,0.0006666666666666666,0.005,0.024666666666666667,0.41133333333333333,0.11466666666666665,0.04033333333333333,0.008,0.0003333333333333333,0.001,107.79402872217634,292.0,1.764963865660578,1.010755828872319,0.7508591796603279,0.0005773502691896258,0.001,0.006027713773341709,0.021126602503321105,0.016921386861996072,0.008962886439832502,0.002,0.0005773502691896258,0.001,1.790676968404667,0.0,3
moge2_vitl:l23_mean,synthetic_val,1,74.26940443533096,61.44846705755904,172.3423983465497,0.011555555555555534,0.06711111111111107,0.21977777777777777,0.7006666666666667,0.3711111111111111,0.2295555555555555,0.08466666666666663,0.0033333333333333006,,75.28770419962802,44.0,1.3293036113617362,3.85544036603633,0.3300471709427392,0.0007698003589195402,0.003150543750835062,0.010590002273283447,0.010666666666666713,0.015265550662751634,0.010248757828977979,0.00768837506311385,0.002,,1.2451339355657167,0.0,3
moge2_vitl:l23_mean,synthetic_val,2,74.60397962946053,61.87488642001025,172.3961118158884,0.011555555555555534,0.06599999999999996,0.22311111111111104,0.700888888888889,0.36977777777777776,0.23177777777777778,0.0853333333333333,0.0031111111111110667,,75.70408292539408,84.0,1.4777619332369658,3.5146967624675143,0.3660503379085353,0.0021430335024428928,0.0017638342073763654,0.01133986739748721,0.008877770824639194,0.016550707716769284,0.010205300002848887,0.008743251365735982,0.0013877773329773952,,1.321215977310123,0.0,3
moge2_vitl:l23_mean,synthetic_val,4,74.94776114014242,61.92261510496541,172.57520749566712,0.011555555555555534,0.06599999999999996,0.22288888888888883,0.7002222222222222,0.36755555555555547,0.22977777777777772,0.08555555555555554,0.0033333333333333006,,76.048902229423,164.0,1.5135053646607028,3.820456006017766,0.1644347377279056,0.0021430335024428928,0.0030550504633038945,0.011476223407711449,0.0107151675122144,0.016737626717911593,0.011339867397487154,0.008335555259338268,0.0013333333333333001,,1.4345066675523297,0.0,3
moge2_vitl:l23_mean,synthetic_val,8,74.85729520168827,61.8067021665195,172.53597394456878,0.011555555555555534,0.06577777777777773,0.22244444444444444,0.7011111111111111,0.36800000000000005,0.22999999999999998,0.08555555555555554,0.0033333333333333006,0.015111111111111067,75.9757757383446,292.0,1.4917305445993123,3.655663121911675,0.17324895364144588,0.0021430335024428928,0.0026943012562182346,0.011969096008440218,0.009828153061109353,0.016706618781522218,0.011215069227507118,0.008335555259338268,0.0013333333333333001,0.0026943012562182884,1.40464901988592,0.0,3
moge2_vitl:l5_cls+mean,lightbox,1,124.84659000025924,129.90075700236392,175.32603229180881,0.0,0.0,0.0026666666666666666,0.252,0.04,0.005,0.001,0.0,,124.91320140859362,44.0,1.2034937205665255,1.9246928988245928,0.7026613109406294,0.0,0.0,0.0020816659994661326,0.007211102550927985,0.0017320508075688787,0.0017320508075688776,0.001,0.0,,1.311380966182064,0.0,3
moge2_vitl:l5_cls+mean,lightbox,2,124.29514215930301,129.31026180523585,175.2936618637058,0.0,0.0,0.0033333333333333335,0.252,0.042333333333333334,0.006000000000000001,0.001,0.0,,124.39414417436656,84.0,1.1091585935224435,1.3582598440471574,0.37761390259120714,0.0,0.0,0.0032145502536643188,0.00793725393319378,0.002309401076758501,0.0017320508075688776,0.001,0.0,,1.2712626792504276,0.0,3
moge2_vitl:l5_cls+mean,lightbox,4,124.5978179205307,129.7668579741539,175.29756217743872,0.0,0.0,0.0033333333333333335,0.25,0.04133333333333333,0.006000000000000001,0.001,0.0,,124.68442409846698,164.0,0.9323740450632915,0.6454604024620066,0.362131130626405,0.0,0.0,0.0032145502536643188,0.008544003745317538,0.0015275252316519442,0.0017320508075688776,0.001,0.0,,1.1299700914371962,0.0,3
moge2_vitl:l5_cls+mean,lightbox,8,124.54586249454535,129.6375526794999,175.27633510022733,0.0,0.0,0.0033333333333333335,0.25,0.04133333333333333,0.006000000000000001,0.001,0.0,0.0,124.63845853600975,292.0,0.9721860401142577,0.6735227897602327,0.3502371309185965,0.0,0.0,0.0032145502536643188,0.008544003745317538,0.0015275252316519442,0.0017320508075688776,0.001,0.0,0.0,1.1497137178226342,0.0,3
moge2_vitl:l5_cls+mean,sunlamp,1,124.12916919838977,133.42290101510713,176.03868243221913,0.0,0.0003333333333333333,0.006666666666666667,0.26533333333333337,0.051333333333333335,0.017666666666666667,0.0033333333333333335,0.0,,124.13964302633211,44.0,0.7571784478893193,0.7697368461743,0.7190502493435382,0.0,0.0005773502691896258,0.004509249752822894,0.01588500340992515,0.0049328828623162475,0.004163331998932265,0.0030550504633038936,0.0,,0.7746376549449038,0.0,3
moge2_vitl:l5_cls+mean,sunlamp,2,124.23504068442351,133.55441459274272,176.2461530416937,0.0,0.0006666666666666666,0.009000000000000001,0.263,0.052333333333333336,0.018666666666666665,0.004,0.0,,124.31275082264614,84.0,1.0644610995895902,1.1084355915782123,0.45560218084070336,0.0,0.0011547005383792516,0.00360555127546399,0.013114877048604014,0.005131601439446883,0.004509249752822894,0.003,0.0,,1.095632985350266,0.0,3
moge2_vitl:l5_cls+mean,sunlamp,4,123.89991052248779,133.40785406353612,176.24166818133907,0.0,0.0006666666666666666,0.008333333333333333,0.26366666666666666,0.051,0.01833333333333333,0.004333333333333334,0.0,,123.96777036805072,164.0,0.6950446939901828,0.4129046114414688,0.4634487866108989,0.0,0.0011547005383792516,0.003785938897200182,0.011372481406154671,0.003999999999999997,0.003511884584284246,0.002516611478423583,0.0,,0.7059422967373556,0.0,3
moge2_vitl:l5_cls+mean,sunlamp,8,123.8367069977229,133.20372843522352,176.2194347316647,0.0,0.0006666666666666666,0.008333333333333333,0.264,0.051,0.01833333333333333,0.004333333333333334,0.0,0.0,123.90368220270801,292.0,0.7702512395706164,0.44423087858226074,0.4415205947274166,0.0,0.0011547005383792516,0.003785938897200182,0.011789826122551606,0.003999999999999997,0.003511884584284246,0.002516611478423583,0.0,0.0,0.714527555958754,0.0,3
moge2_vitl:l5_cls+mean,synthetic_val,1,85.17296566581332,79.52703875869162,174.19453749095103,0.007111111111111067,0.034888888888888865,0.1344444444444444,0.5828888888888889,0.28977777777777775,0.1664444444444444,0.05222222222222217,0.002666666666666633,,85.53924493839979,44.0,0.5527696369807918,2.6949847493881847,0.4233143455062983,0.0016777409856157067,0.002143033502442873,0.008009253907084497,0.008282064512704084,0.006194382162118382,0.0037908271353848666,0.0039063101847215355,0.0017638342073764252,,0.6119078848265281,0.0,3
moge2_vitl:l5_cls+mean,synthetic_val,2,84.52883875079561,78.85916919753627,173.94432268063926,0.007999999999999967,0.03466666666666663,0.13688888888888887,0.585111111111111,0.2922222222222222,0.16755555555555554,0.054444444444444406,0.0031111111111110667,,84.99995411967701,84.0,1.5437553663093428,4.071644459047372,0.45472617236771723,0.001763834207376425,0.003711842908553326,0.009714441330841934,0.007953568963632557,0.00795356896363256,0.00734342739638144,0.005178302310102698,0.001677740985615707,,1.511717552653427,0.0,3
moge2_vitl:l5_cls+mean,synthetic_val,4,84.85174283772754,79.48117358396323,174.27852695183523,0.007777777777777733,0.03377777777777773,0.13577777777777775,0.5846666666666667,0.29155555555555557,0.16688888888888884,0.05377777777777774,0.0031111111111110667,,85.33625279684482,164.0,1.246480740458579,3.726309125828679,0.4075787249073805,0.001924500897298791,0.0044388854123195666,0.008064554360721829,0.00466666666666668,0.007812620369443062,0.008335555259338271,0.005003702332976718,0.001677740985615707,,1.25789744778061,0.0,3
moge2_vitl:l5_cls+mean,synthetic_val,8,84.83549045833139,79.60018638870976,174.25639222887898,0.007777777777777733,0.03399999999999997,0.13599999999999998,0.5848888888888889,0.29155555555555557,0.16666666666666663,0.05377777777777774,0.0031111111111110667,0.007555555555555533,85.32057044154324,292.0,1.389966632960652,3.841810320201956,0.3785946113931813,0.001924500897298791,0.004807401700618641,0.008819171036881939,0.005388602512436517,0.008441519961432267,0.008666666666666656,0.005003702332976718,0.001677740985615707,0.0007698003589195396,1.4037108493747166,0.0,3
moge2_vitl:normals16,lightbox,1,84.03592217352782,84.5842357197443,173.65504961374495,0.011333333333333334,0.066,0.20233333333333334,0.5503333333333333,0.35233333333333333,0.21466666666666667,0.08633333333333333,0.0030000000000000005,,84.633655894647,44.0,2.1108351597599575,5.255065134317788,0.6694712263110677,0.0047258156262526075,0.004358898943540678,0.0035118845842842285,0.016289055630494136,0.01357694123627755,0.00850490054811539,0.009712534856222314,0.0017320508075688774,,2.0447159634062824,0.0,3
moge2_vitl:normals16,lightbox,2,84.13337422821594,84.40124203099512,173.49713157510925,0.011666666666666667,0.06633333333333334,0.20000000000000004,0.5463333333333334,0.3463333333333334,0.21566666666666667,0.08533333333333333,0.0033333333333333335,,84.81097109517842,84.0,1.7672779427129053,5.0898483484962425,0.5640472983644953,0.00404145188432738,0.002309401076758503,0.002645751311064593,0.011846237095944631,0.012701705922171725,0.008326663997864539,0.009291573243177574,0.0015275252316519468,,1.612611172414432,0.0,3
moge2_vitl:normals16,lightbox,4,84.37500325355454,84.52240813540315,173.81643769076308,0.011666666666666667,0.06666666666666667,0.19966666666666666,0.548,0.3456666666666666,0.21433333333333335,0.08566666666666667,0.0033333333333333335,,85.06366308248091,164.0,1.9823165367159465,5.069860461079266,0.5921106462000819,0.00404145188432738,0.0020816659994661365,0.0030550504633038923,0.017578395831246905,0.012423096769056112,0.00850490054811539,0.009451631252505224,0.0015275252316519468,,1.744140194996491,0.0,3
moge2_vitl:normals16,lightbox,8,84.47329323922021,84.69339104051426,173.81643769076308,0.011666666666666667,0.06666666666666667,0.19966666666666666,0.5483333333333333,0.3453333333333333,0.21466666666666667,0.08566666666666667,0.0033333333333333335,0.011666666666666667,85.15544352400822,292.0,1.7760722252375432,4.8207722109403806,0.5921106462000819,0.00404145188432738,0.0020816659994661365,0.0030550504633038923,0.016441816606851317,0.011015141094572162,0.00802080627701065,0.009451631252505224,0.0015275252316519468,0.002516611478423584,1.551441444116808,0.0,3
moge2_vitl:normals16,sunlamp,1,100.06310138916972,105.0017318794187,175.05984274277182,0.004333333333333334,0.021,0.09233333333333334,0.46399999999999997,0.22466666666666668,0.10833333333333334,0.04599999999999999,0.0016666666666666668,,100.57198258254994,44.0,0.21115329338516717,1.176338611014386,0.49486220695177646,0.0015275252316519466,0.0026457513110645895,0.004163331998932267,0.013527749258468672,0.004041451884327387,0.004932882862316253,0.0043588989435406735,0.0011547005383792516,,0.09399564065996778,0.0,3
moge2_vitl:normals16,sunlamp,2,100.44604485656974,105.48375463430136,175.51860564995891,0.004666666666666667,0.021666666666666667,0.09233333333333332,0.4573333333333333,0.225,0.10966666666666668,0.04666666666666666,0.0016666666666666668,,100.9841256096709,84.0,0.6375952920412511,1.7167680429175627,0.33987126536058543,0.0015275252316519464,0.004725815626252609,0.009291573243177571,0.015044378795195674,0.0036055512754639926,0.0041633319989322695,0.003785938897200182,0.0011547005383792516,,0.6186453107770499,0.0,3
moge2_vitl:normals16,sunlamp,4,100.35906760451549,105.14456146739782,175.42430768936353,0.004666666666666667,0.02266666666666667,0.09233333333333334,0.45766666666666667,0.22633333333333336,0.10966666666666668,0.04699999999999999,0.0016666666666666668,,100.9254214773813,164.0,0.6753544926185926,2.257497906926327,0.5348512135286417,0.0015275252316519464,0.004618802153517006,0.007767453465154035,0.010598742063723075,0.0005773502691896302,0.0015275252316519494,0.003605551275463989,0.0011547005383792516,,0.4663785187394711,0.0,3
moge2_vitl:normals16,sunlamp,8,100.30566110921113,105.0556780247038,175.4810634494127,0.004666666666666667,0.022333333333333334,0.09200000000000001,0.4583333333333333,0.22666666666666668,0.109,0.04633333333333334,0.0016666666666666668,0.008333333333333333,100.90015777303067,292.0,0.5792616522293085,2.247527206235559,0.6064684993707384,0.0015275252316519464,0.0049328828623162475,0.007211102550927985,0.009712534856222296,0.0005773502691896302,0.0010000000000000009,0.0035118845842842484,0.0011547005383792516,0.0020816659994661326,0.34965560530994405,0.0,3
moge2_vitl:normals16,synthetic_val,1,56.380085170996175,24.816988809219115,171.41636578156712,0.0353333333333333,0.1791111111111111,0.4424444444444444,0.7224444444444446,0.5613333333333334,0.4115555555555555,0.20844444444444443,0.012888888888888833,,57.56177379420074,44.0,0.7575080431731505,1.037782737260439,0.8347623692805781,0.0017638342073763844,0.00936502555809134,0.010205300002848956,0.003150543750835062,0.007859884081701058,0.015837134046752726,0.007784124394727529,0.00038490017945976945,,0.7338685938141511,0.0,3
moge2_vitl:normals16,synthetic_val,2,56.51156523107411,24.267424771897055,171.52138363829295,0.03666666666666663,0.18155555555555555,0.44799999999999995,0.7222222222222222,0.5606666666666666,0.4102222222222222,0.2062222222222222,0.013555555555555534,,57.813667048376686,84.0,0.7540853000745881,1.1065812951395848,0.44250477188982135,0.0035276684147527563,0.007581654270769783,0.011850925889754149,0.002036700308869274,0.0037118429085533154,0.013405361006093925,0.003790827135384852,0.0013877773329773945,,0.733932883724174,0.0,3
moge2_vitl:normals16,synthetic_val,4,56.381268196118775,24.25743527214631,171.2908961259611,0.0364444444444444,0.18088888888888888,0.44822222222222224,0.7226666666666667,0.5608888888888889,0.4102222222222222,0.20577777777777773,0.013777777777777766,,57.722425541035626,164.0,0.7824477578723151,0.9899114000633391,0.6136543371464684,0.00401847584889447,0.007343427396381461,0.010205300002848963,0.005291502622129186,0.0050917507721732,0.01295004647496305,0.002775554665954878,0.0016777409856157056,,0.7435146996668047,0.0,3
moge2_vitl:normals16,synthetic_val,8,56.32837916449386,24.304289039577156,171.3030561706313,0.0364444444444444,0.18088888888888888,0.44799999999999995,0.7231111111111111,0.5608888888888889,0.4106666666666667,0.20577777777777773,0.013777777777777766,0.039333333333333304,57.68106317817766,292.0,0.7444535610806343,0.9282078056609935,0.618587369837194,0.00401847584889447,0.007343427396381461,0.009955456348712081,0.005003702332976734,0.006406015691288657,0.013131810402394785,0.002775554665954878,0.0016777409856157056,0.004807401700618629,0.7007100817711996,0.0,3
moge2_vitl:points16,lightbox,1,94.41703612538795,98.4858537821981,175.50838826184864,0.005999999999999999,0.042666666666666665,0.15333333333333332,0.467,0.24566666666666667,0.16466666666666666,0.06366666666666666,0.002,,95.0851232296235,44.0,1.6944281085156059,1.8892692421505484,0.3482227445705524,0.00264575131106459,0.007234178138070233,0.004932882862316249,0.012489995996796757,0.01955334583474995,0.013650396819628841,0.00665832811847939,0.0,,1.7967643924314178,0.0,3
moge2_vitl:points16,lightbox,2,94.3855367189725,98.82580933467362,175.8346423950741,0.007666666666666666,0.044000000000000004,0.15766666666666665,0.4603333333333333,0.246,0.17066666666666666,0.06833333333333334,0.0023333333333333335,,95.08101098047858,84.0,1.130569655905649,1.1438984029257295,0.30236473697399663,0.003055050463303893,0.003000000000000001,0.0046188021535170124,0.008386497083606038,0.013527749258468674,0.011150485789118479,0.0066583281184793945,0.0005773502691896257,,1.203939502852339,0.0,3
moge2_vitl:points16,lightbox,4,95.23394598050663,100.12879994704373,175.98910797677345,0.009,0.04533333333333334,0.15533333333333332,0.4486666666666667,0.23966666666666667,0.164,0.06633333333333334,0.0033333333333333335,,95.99600174142255,164.0,1.4716910052984018,0.7145378576989904,0.11728723703852237,0.003999999999999999,0.002516611478423585,0.006658328118479397,0.005686240703077329,0.012013880860626724,0.013000000000000001,0.004725815626252612,0.0015275252316519468,,1.585973491442354,0.0,3
moge2_vitl:points16,lightbox,8,95.01341904441661,99.82605290990467,175.8340715831099,0.009,0.04466666666666667,0.15566666666666665,0.4523333333333333,0.24066666666666667,0.165,0.06633333333333334,0.0033333333333333335,0.011666666666666667,95.75979276499591,292.0,1.522343106352286,1.0467632086764032,0.29184851665779843,0.003999999999999999,0.0025166114784235818,0.006350852961085891,0.0045092497528228985,0.011590225767142463,0.013892443989449797,0.004725815626252612,0.0015275252316519468,0.002081665999466133,1.6273372935806936,0.0,3
moge2_vitl:points16,sunlamp,1,103.1396928243782,110.08895859587012,176.517250081561,0.0036666666666666666,0.025333333333333333,0.08833333333333333,0.42566666666666664,0.18066666666666667,0.10733333333333334,0.039,0.0006666666666666666,,103.38283883089986,44.0,0.7451028825081664,2.363690594735275,0.5407221172155007,0.001527525231651947,0.0055075705472861025,0.005859465277082315,0.015307950004273386,0.00776745346515404,0.005507570547286099,0.002645751311064593,0.0005773502691896258,,0.7786159471938036,0.0,3
moge2_vitl:points16,sunlamp,2,103.05683195129745,109.80393809895291,176.08809300163054,0.0030000000000000005,0.026,0.09066666666666667,0.4243333333333333,0.18000000000000002,0.111,0.042666666666666665,0.0003333333333333333,,103.3523731837929,84.0,0.4706378806660564,1.4012611527479555,0.6869641927847526,0.001,0.0043588989435406735,0.0073711147958319964,0.007571877794400375,0.006244997998398403,0.0040000000000000036,0.0005773502691896212,0.0005773502691896258,,0.4950919876684669,0.0,3
moge2_vitl:points16,sunlamp,4,103.33451547275604,110.10526829745727,176.38556302151247,0.0030000000000000005,0.024999999999999998,0.09200000000000001,0.4226666666666667,0.17733333333333334,0.109,0.042333333333333334,0.0003333333333333333,,103.53574906537666,164.0,0.8127599660216205,2.6668814765051327,0.4110939707148947,0.001,0.0045825756949558405,0.005291502622129186,0.005033222956847164,0.0035118845842842528,0.0017320508075688787,0.0015275252316519457,0.0005773502691896258,,0.901421682174145,0.0,3
moge2_vitl:points16,sunlamp,8,103.5341099956485,110.21670072220924,176.40274759999775,0.0030000000000000005,0.024333333333333335,0.09166666666666667,0.422,0.17666666666666667,0.10866666666666668,0.041666666666666664,0.0003333333333333333,0.005666666666666667,103.73905477226107,292.0,0.8950968820324633,2.7403746440556147,0.38144252208795987,0.001,0.004041451884327381,0.004509249752822896,0.004358898943540678,0.00404145188432738,0.002081665999466134,0.0020816659994661317,0.0005773502691896258,0.0011547005383792516,1.0338811656527216,0.0,3
moge2_vitl:points16,synthetic_val,1,65.9800163443994,33.99370094352185,172.8596960811366,0.0233333333333333,0.13355555555555554,0.3615555555555556,0.6297777777777778,0.45644444444444443,0.32711111111111113,0.15711111111111106,0.0075555555555555,,67.08265232191154,44.0,0.8077544509015904,1.4239721625749344,0.36124372260254217,0.0006666666666666999,0.006677768533918519,0.005747785402834468,0.004018475848894448,0.003006166501881938,0.005388602512436494,0.0056699336987436144,0.0010183501544346273,,0.7289392830594206,0.0,3
moge2_vitl:points16,synthetic_val,2,66.57679115114665,34.34972300713879,173.4318305969166,0.024444444444444435,0.13199999999999998,0.36244444444444435,0.6246666666666667,0.4528888888888889,0.32444444444444437,0.15377777777777774,0.008444444444444433,,67.74564611921458,84.0,0.40701765141356727,0.10333382517146933,0.30709820915293956,0.0026943012562182364,0.010349449797506655,0.014381057499878577,0.0020000000000000018,0.0010183501544346325,0.005178302310102696,0.011359447039228514,0.0013877773329774355,,0.4157972538261352,0.0,3
moge2_vitl:points16,synthetic_val,4,66.94037566574345,34.881938541655366,173.57706026884284,0.02422222222222217,0.1322222222222222,0.3611111111111111,0.6188888888888889,0.4504444444444444,0.32288888888888884,0.15399999999999997,0.0082222222222222,,68.1280704816752,164.0,0.593173319866247,0.5973342462914354,0.11708575007791451,0.002694301256218235,0.010335125292651959,0.013154354299509993,0.001677740985615771,0.002694301256218235,0.003355481971231458,0.009820613241770852,0.0015396007178390212,,0.595860475983185,0.0,3
moge2_vitl:points16,synthetic_val,8,66.97223469588191,34.856892898503126,173.69494174379133,0.02422222222222217,0.1324444444444444,0.36177777777777775,0.6186666666666666,0.45022222222222225,0.3231111111111111,0.15444444444444444,0.0082222222222222,0.029999999999999968,68.16063157498547,292.0,0.8424754727688153,0.6337121682291303,0.353306444621023,0.002694301256218235,0.010335125292651959,0.013086606101631487,0.0013333333333333391,0.0030792014356780537,0.0037908271353848597,0.00962250448649378,0.0015396007178390212,0.0035276684147527563,0.8571981974905833,0.0,3
