seed	beam	method	domain	n	mean_deg	median_deg	p95_deg	acc@1	acc@3	acc@5	acc@10	acc@20
0	1	A_dino	synthetic_val	11994	6.7085672522626565	5.301608448360694	11.52657924127454	0.006836751709187927	0.14924128731032182	0.4513923628480907	0.9142904785726197	0.9873269968317492
0	1	A_dino	lightbox	6740	42.397118928608414	14.036896266219351	170.42427887844988	0.0010385756676557863	0.024183976261127598	0.09109792284866469	0.34540059347181007	0.6178041543026707
0	1	A_dino	sunlamp	2791	52.695351061187736	25.71461191473994	165.55226525014277	0.0	0.007524184879971337	0.03511286277319957	0.1748477248298101	0.40594768900035827
0	1	B_consensus_normals	synthetic_val	11994	17.810647808870666	6.383465691012996	114.76519677863753	0.0055861263965315995	0.10730365182591296	0.3360013340003335	0.7726363181590795	0.8837752209438052
0	1	B_consensus_normals	lightbox	6740	45.51449667366229	12.170538002433435	169.75865879112567	0.002967359050445104	0.04629080118694362	0.1476261127596439	0.42492581602373886	0.6192878338278932
0	1	B_consensus_normals	sunlamp	2791	61.072213687263435	22.42369180768505	174.05894919651172	0.0010748835542816195	0.02185596560372626	0.07524184879971337	0.2726621282694375	0.47581512002866355
0	1	PoE(A,B)	synthetic_val	11994	6.234676511913863	4.984754840491899	10.802096749784038	0.008254127063531767	0.1721694180423545	0.5023345005836252	0.9345506086376522	0.9897448724362181
0	1	PoE(A,B)	lightbox	6740	31.24119461449315	10.330928637592091	162.21046213252538	0.0020771513353115725	0.0456973293768546	0.15504451038575667	0.48189910979228484	0.7274480712166173
0	1	PoE(A,B)	sunlamp	2791	44.55683243089983	17.782942397593395	166.19234483278217	0.0	0.02185596560372626	0.08240773916159083	0.2787531350770333	0.5392332497312791
0	1	AVG(A,B)	synthetic_val	11994	6.609145895221613	5.080260799649189	11.339190993584117	0.00767050191762548	0.16574954143738535	0.4873269968317492	0.9233783558445889	0.9849091212272804
0	1	AVG(A,B)	lightbox	6740	33.34132404648226	10.879138043174743	164.18301860447508	0.0019287833827893175	0.0413946587537092	0.14451038575667655	0.45504451038575666	0.7066765578635015
0	1	AVG(A,B)	sunlamp	2791	46.539615335659946	18.587578612577715	168.06326052925982	0.0	0.019706198495163023	0.07201719813686851	0.2640630598351845	0.5216768183446793
0	4	A_dino	synthetic_val	11994	6.749011762022856	5.304422409220896	11.556797232359667	0.006753376688344172	0.1479906619976655	0.45055861263965313	0.9137068534267133	0.9869101217275305
0	4	A_dino	lightbox	6740	42.152024789848504	14.056732880556345	170.2823064983797	0.0011869436201780415	0.02314540059347181	0.09080118694362017	0.3445103857566766	0.6206231454005935
0	4	A_dino	sunlamp	2791	52.75499008016467	25.753314782598554	164.6094105614679	0.0	0.007524184879971337	0.034396273737011825	0.17126477964887138	0.4048728054460767
0	4	B_consensus_normals	synthetic_val	11994	17.81909478756624	6.371572593081055	113.05409481381925	0.005169251292312823	0.1046356511589128	0.3352509588127397	0.7726363181590795	0.8831082207770552
0	4	B_consensus_normals	lightbox	6740	45.49294381147031	12.220128934800268	169.76357887642166	0.003115727002967359	0.04673590504451038	0.1473293768545994	0.4234421364985163	0.6222551928783383
0	4	B_consensus_normals	sunlamp	2791	61.43108729948126	22.409300462529902	174.15242202867978	0.0010748835542816195	0.02293084915800788	0.07560014331780723	0.27731995700465784	0.4743819419562881
0	4	PoE(A,B)	synthetic_val	11994	6.30287131875926	4.992847640767443	10.803476783462594	0.008087377021844255	0.17208604302151076	0.5011672502918125	0.9338002334500584	0.9892446223111556
0	4	PoE(A,B)	lightbox	6740	31.147996282893352	10.316053533373822	161.79563918353702	0.0020771513353115725	0.045252225519287835	0.15608308605341245	0.4830860534124629	0.7252225519287834
0	4	PoE(A,B)	sunlamp	2791	44.35674516791811	17.558350020476166	166.5539074063994	0.0	0.02185596560372626	0.08204944464349695	0.28090290218559655	0.5435327839484055
0	4	AVG(A,B)	synthetic_val	11994	7.8107029241932535	5.255566229392739	13.558056263664938	0.007170251792562948	0.15199266299816575	0.4607303651825913	0.8965315991328998	0.9694847423711856
0	4	AVG(A,B)	lightbox	6740	35.68453860495292	11.689199866424572	164.6744838003162	0.002373887240356083	0.03887240356083086	0.13768545994065282	0.4241839762611276	0.672106824925816
0	4	AVG(A,B)	sunlamp	2791	49.34650215642931	20.53608686550062	168.36786642144247	0.0	0.0146900752418488	0.0627015406664278	0.24113221067717663	0.49050519527051234
1	1	A_dino	synthetic_val	11994	6.457824730793265	5.319282520482618	11.518734398137703	0.007503751875937969	0.14807403701850924	0.4521427380356845	0.9136234784058695	0.9898282474570619
1	1	A_dino	lightbox	6740	41.591243402965475	14.46455614097394	168.89635976936916	0.0011869436201780415	0.022551928783382788	0.08189910979228486	0.33219584569732935	0.614540059347181
1	1	A_dino	sunlamp	2791	54.21270907938296	26.00834037218834	168.07038304532193	0.00035829451809387314	0.011107130060910068	0.039412396990326046	0.172339663203153	0.4034396273737012
1	1	B_consensus_normals	synthetic_val	11994	18.08033587838595	6.277101209572194	117.4836684712581	0.00591962647990662	0.10938802734700684	0.34709021177255295	0.7733033183258295	0.883191595797899
1	1	B_consensus_normals	lightbox	6740	44.66725340641227	11.914661735572398	170.62616710707238	0.0026706231454005935	0.03798219584569733	0.14124629080118695	0.43071216617210684	0.6338278931750742
1	1	B_consensus_normals	sunlamp	2791	61.83560069023004	22.550950353579427	175.13977845718546	0.0010748835542816195	0.023647438194195628	0.08204944464349695	0.27337871730562524	0.4776065926191329
1	1	PoE(A,B)	synthetic_val	11994	6.174088941021318	4.996403175124273	10.95758208039418	0.008921127230281808	0.16916791729197933	0.5010005002501251	0.9302984825746207	0.9894947473736868
1	1	PoE(A,B)	lightbox	6740	31.23699503700469	10.43902700519601	162.9274158605695	0.0019287833827893175	0.044807121661721065	0.1516320474777448	0.4768545994065282	0.7292284866468842
1	1	PoE(A,B)	sunlamp	2791	42.9210616669304	16.486035369662165	166.17887314975934	0.0007165890361877463	0.02149767108563239	0.08634897886062343	0.29559297742744534	0.5661053385883196
1	1	AVG(A,B)	synthetic_val	11994	6.611648365582029	5.066356139777673	11.543488189420998	0.008921127230281808	0.163831915957979	0.49024512256128067	0.9214607303651826	0.9846589961647491
1	1	AVG(A,B)	lightbox	6740	32.45498032289741	11.201430386948278	162.17075437495836	0.0025222551928783385	0.04362017804154303	0.14020771513353117	0.4454005934718101	0.7059347181008903
1	1	AVG(A,B)	sunlamp	2791	44.7660053323945	17.747273581149155	166.9971939153595	0.00035829451809387314	0.02042278753135077	0.07774991042637047	0.2830526692941598	0.5370834826227159
1	4	A_dino	synthetic_val	11994	6.513294050074669	5.310441182128631	11.600193250895956	0.007337001834250459	0.148157412039353	0.45297648824412207	0.9135401033850259	0.9889111222277805
1	4	A_dino	lightbox	6740	41.70725780051021	14.496276185102698	169.5339400266005	0.0011869436201780415	0.023293768545994065	0.08456973293768547	0.33323442136498516	0.6121661721068249
1	4	A_dino	sunlamp	2791	53.818451073674936	26.21487385475436	167.2003577385296	0.00035829451809387314	0.011823719097097814	0.04192045861698316	0.17807237549265495	0.40272303833751344
1	4	B_consensus_normals	synthetic_val	11994	18.067475166374983	6.269899824821373	116.99479434463791	0.005836251459062865	0.10847090211772553	0.347757211939303	0.775554443888611	0.8822744705686176
1	4	B_consensus_normals	lightbox	6740	44.693288246024395	11.788048487061833	170.40899848072246	0.0028189910979228485	0.039614243323442135	0.14154302670623145	0.43234421364985165	0.6332344213649852
1	4	B_consensus_normals	sunlamp	2791	61.71358029930643	22.791047579147776	175.1398654544593	0.0010748835542816195	0.02293084915800788	0.07954138301683984	0.2708706556789681	0.4772482981010391
1	4	PoE(A,B)	synthetic_val	11994	6.160251691982958	5.002739557780764	10.993422012026052	0.009004502251125562	0.16900116725029182	0.499666499916625	0.9292979823244956	0.9895781223945306
1	4	PoE(A,B)	lightbox	6740	31.174868165781493	10.446702362927217	162.7248881192511	0.0020771513353115725	0.0443620178041543	0.15178041543026707	0.4767062314540059	0.7290801186943621
1	4	PoE(A,B)	sunlamp	2791	42.884454147039314	16.479188328317075	166.5314261449002	0.0007165890361877463	0.02185596560372626	0.08706556789681118	0.2948763883912576	0.5682551056968829
1	4	AVG(A,B)	synthetic_val	11994	7.820816409401164	5.244371206293881	13.993952175832424	0.008087377021844255	0.15432716358179088	0.4618142404535601	0.8941137235284309	0.9669001167250292
1	4	AVG(A,B)	lightbox	6740	36.38225975233511	11.947625349166708	165.72056306245707	0.0026706231454005935	0.03902077151335311	0.12729970326409495	0.4206231454005935	0.6712166172106825
1	4	AVG(A,B)	sunlamp	2791	49.024918165919395	20.52251614078403	167.59726854811447	0.00035829451809387314	0.01898960945897528	0.06664278036546041	0.2508061626657112	0.4926549623790756
2	1	A_dino	synthetic_val	11994	6.75082329673647	5.305129765875519	11.650941032844404	0.006419876604969151	0.1461564115391029	0.45339336334834085	0.9120393530098383	0.9868267467066867
2	1	A_dino	lightbox	6740	41.3045554358371	14.13863705817596	168.3006486439383	0.0011869436201780415	0.021216617210682492	0.08902077151335312	0.3409495548961424	0.6191394658753709
2	1	A_dino	sunlamp	2791	53.38271387689801	25.61056793826177	169.23919363872398	0.0	0.009315657470440702	0.041203869580795416	0.18631314940881405	0.42672877104980295
2	1	B_consensus_normals	synthetic_val	11994	17.472872367693817	6.276951708262608	106.5133004301679	0.004502251125562781	0.10880440220110055	0.34450558612639653	0.7754710688677672	0.8826913456728365
2	1	B_consensus_normals	lightbox	6740	43.97078162950331	11.876538059633766	168.87431670134396	0.0026706231454005935	0.04154302670623145	0.1406528189910979	0.4338278931750742	0.6264094955489614
2	1	B_consensus_normals	sunlamp	2791	62.9771351514326	23.926911490426708	174.48623394566124	0.0014331780723754925	0.022214260121820137	0.07631673235399498	0.25976352561805804	0.46936581870297384
2	1	PoE(A,B)	synthetic_val	11994	6.31701463799884	5.011276738841862	10.918575793923846	0.008254127063531767	0.16983491745872936	0.49858262464565617	0.9317158579289645	0.9884942471235618
2	1	PoE(A,B)	lightbox	6740	30.739797519168963	10.437657107551676	162.64687868453274	0.0025222551928783385	0.04287833827893175	0.15237388724035608	0.477893175074184	0.7304154302670623
2	1	PoE(A,B)	sunlamp	2791	43.75563867749901	16.743497000985684	167.6484035778427	0.0	0.01898960945897528	0.07560014331780723	0.29559297742744534	0.5549982085274096
2	1	AVG(A,B)	synthetic_val	11994	6.607677616899086	5.0821370921244355	11.447903413099361	0.008170752042688011	0.16374854093713523	0.48590962147740535	0.9207103551775888	0.9849091212272804
2	1	AVG(A,B)	lightbox	6740	32.51181524691806	11.065739177389407	161.996546938989	0.0025222551928783385	0.03902077151335311	0.13961424332344213	0.44925816023738874	0.7065281899109792
2	1	AVG(A,B)	sunlamp	2791	45.51161285417544	17.901633735735857	168.8256496109442	0.00035829451809387314	0.021139376567538518	0.07130060910068076	0.2762450734503762	0.5363668935865281
2	4	A_dino	synthetic_val	11994	6.738945301457562	5.297421288364068	11.67981321446462	0.006586626646656661	0.147823911955978	0.4540603635150909	0.9122061030515257	0.9869101217275305
2	4	A_dino	lightbox	6740	41.24534408755332	14.253984799400182	168.31374197847646	0.0011869436201780415	0.02195845697329377	0.08931750741839763	0.33902077151335314	0.6178041543026707
2	4	A_dino	sunlamp	2791	52.88832083458312	25.355244582112064	168.36777256093868	0.0	0.009315657470440702	0.042637047653170904	0.18523826585453243	0.4313865997850233
2	4	B_consensus_normals	synthetic_val	11994	17.565966833332247	6.291837708410327	108.78443644508418	0.004418876104719026	0.1081374020343505	0.34317158579289647	0.7751375687843922	0.8828580957145239
2	4	B_consensus_normals	lightbox	6740	43.95977261384451	12.021019917995194	169.26681955233613	0.0026706231454005935	0.0413946587537092	0.1413946587537092	0.4308605341246291	0.6286350148367953
2	4	B_consensus_normals	sunlamp	2791	62.57720882687912	23.04356527402964	174.46662537813316	0.0014331780723754925	0.02293084915800788	0.07595843783590112	0.2629881762809029	0.47223217484772484
2	4	PoE(A,B)	synthetic_val	11994	6.282488470552749	5.009395827104992	10.885832660509424	0.008170752042688011	0.16991829247957313	0.49899949974987495	0.9323828580957145	0.988744372186093
2	4	PoE(A,B)	lightbox	6740	30.754555960005263	10.431999805362633	162.96032286021398	0.002373887240356083	0.04302670623145401	0.15296735905044512	0.47893175074183975	0.7305637982195846
2	4	PoE(A,B)	sunlamp	2791	43.652194763568346	16.65553853306101	167.43357664811475	0.0	0.01898960945897528	0.07595843783590112	0.2952346829093515	0.5600143317807238
2	4	AVG(A,B)	synthetic_val	11994	7.943828520136976	5.211065730074559	14.100603178901949	0.007337001834250459	0.15407703851925963	0.4679006169751542	0.8962814740703685	0.966983491745873
2	4	AVG(A,B)	lightbox	6740	35.76801038714796	11.764398630456418	163.51592941710746	0.002373887240356083	0.03620178041543027	0.13071216617210682	0.42596439169139466	0.6767062314540059
2	4	AVG(A,B)	sunlamp	2791	48.64588565384042	20.05404249280468	168.38691964130658	0.0007165890361877463	0.018631314940881404	0.06592619132927266	0.25188104621999285	0.4980293801504837
