domain,object_size,crop_side_px_median,dino_mean_deg,vggt_mean_deg
lightbox,large,1200.53479,75.23919813813814,78.47722183183184
lightbox,medium,743.274008,75.88905298298299,81.38843074074076
lightbox,small,528.850504,77.1731894011976,83.8978125449102
sunlamp,large,1243.22665,76.01435555555555,79.25070072072072
sunlamp,medium,748.6124679999999,76.32934539539539,80.584544004004
sunlamp,small,527.627824,85.01809407185628,87.96693815369262
synthetic_val,large,1286.2808850000001,30.42699967333333,34.08998752666667
synthetic_val,medium,732.245085,24.619681566666667,26.80298696066667
synthetic_val,small,511.1192225,27.988968760000002,28.923543626666667
