domain	method	n	leakage	recall	iou	boundary_f	tip_coverage	area
synthetic_val	moge2	1500	0.27872510186666666	0.9886917266666666	0.58119074	0.4874173636666667	0.9075560933333333	0.5751696306666667
synthetic_val	moge2_inj	1500	0.2817207163248857	0.9626764603752663	0.5629215306307435	0.4778875380129883	0.8682222222222223	0.571127221816411
synthetic_val	dino	1500	0.11553376223999999	0.9618759483733333	0.6147746757133333	0.4629979698666666	0.71644506	0.37232728
synthetic_val	dino_inj	1500	0.09396901474373591	0.9699037745188723	0.622459423611825	0.4549619597934505	0.7855555555555557	0.36690552714877034
synthetic_val	and	1500	0.06986323712	0.9516022977066667	0.7746653926733333	0.775007139	0.66933406	0.29411379733333337
lightbox	moge2	1000	0.5233420565700001	0.99669931	0.29052133	0.09801656959999999	0.95866683	0.8911075399999999
lightbox	moge2_inj	1000	0.5242601082572962	0.9917979607426657	0.2903854651209135	0.10139368447485003	0.9403333333333334	0.892821950328707
lightbox	dino	1000	0.13852634833	0.9800944283999999	0.5622850560100001	0.31590622920000005	0.7920010399999998	0.40606973
lightbox	dino_inj	1000	0.12858227400590094	0.9703545529481725	0.5677052582465089	0.32921421819867064	0.7956666666666666	0.3966070124178232
lightbox	and	1000	0.11928435829	0.9771372284	0.59931795048	0.3933397768	0.77066766	0.3817298
sunlamp	moge2	1000	0.5649911006	0.9997632100000001	0.24168898	0.039947892799999996	0.98766677	0.95885186
sunlamp	moge2_inj	1000	0.5671850214378269	0.9996100029033209	0.2404982266805317	0.02864038821936248	0.987	0.9693599342585829
sunlamp	dino	1000	0.12115743079	0.99398353	0.5858171649999999	0.30441795130000004	0.63666744	0.41488231000000003
sunlamp	dino_inj	1000	0.12278544606568727	0.9925425827920189	0.5825409288375873	0.31290956538370185	0.6823333333333332	0.41725529583637694
sunlamp	and	1000	0.11600106157	0.993777	0.5932786550000001	0.328683466	0.6316674299999999	0.40557590000000004
