domain	comparison	metric	mean_diff	ci_low	ci_high
synthetic_val	moge2_inj - moge2	leakage	0.0029956144582190427	0.0007581481298240233	0.005358638208088276
synthetic_val	moge2_inj - moge2	recall	-0.02601526629140027	-0.029638357676267008	-0.02240567057220927
synthetic_val	moge2_inj - moge2	iou	-0.01826920936925656	-0.022231980887285945	-0.014270698998820249
synthetic_val	moge2_inj - moge2	boundary_f	-0.009529825653678454	-0.014119070861728318	-0.005269742300856506
synthetic_val	dino_inj - dino	leakage	-0.021564747496264094	-0.025937107945127838	-0.017323396204173086
synthetic_val	dino_inj - dino	recall	0.008027826145538966	-6.538497402468526e-06	0.016047082065696192
synthetic_val	dino_inj - dino	iou	0.007684747898491656	0.0031779396522487527	0.01228529427468638
synthetic_val	dino_inj - dino	boundary_f	-0.008036010073216145	-0.015830440079244636	-0.0002768197029495924
synthetic_val	moge2_inj - and	leakage	0.2118574792048857	0.1981273594046605	0.22572333274130887
synthetic_val	moge2_inj - and	recall	0.011074162668599728	0.0015111170305420042	0.02107713264882705
synthetic_val	moge2_inj - and	iou	-0.21174386204258988	-0.22440196566407308	-0.19875967733934857
synthetic_val	moge2_inj - and	boundary_f	-0.29711960098701184	-0.314695989105365	-0.27952222830493934
lightbox	moge2_inj - moge2	leakage	0.0009180516872962738	-0.0027548354092563894	0.00419921111193328
lightbox	moge2_inj - moge2	recall	-0.004901349257334286	-0.007352561672643664	-0.002631793231841393
lightbox	moge2_inj - moge2	iou	-0.00013586487908645806	-0.00389018326654692	0.003920741852709607
lightbox	moge2_inj - moge2	boundary_f	0.003377114874850027	-0.0019025775626874558	0.009225110051114146
lightbox	dino_inj - dino	leakage	-0.009944074324099064	-0.01503877346025752	-0.0050317286479956945
lightbox	dino_inj - dino	recall	-0.009739875451827437	-0.017242674812671225	-0.0015839447673032213
lightbox	dino_inj - dino	iou	0.005420202236508804	0.0007978436994643408	0.010216982055752787
lightbox	dino_inj - dino	boundary_f	0.013307988998670639	0.00469483834359801	0.021690411899522748
lightbox	moge2_inj - and	leakage	0.4049757499672963	0.3903648532855174	0.41871071970272006
lightbox	moge2_inj - and	recall	0.014660732342665714	0.007769451980108378	0.02230628408314816
lightbox	moge2_inj - and	iou	-0.30893248535908646	-0.32137091209182717	-0.2964401441521711
lightbox	moge2_inj - and	boundary_f	-0.29194609232514995	-0.31223694492895787	-0.27276355660526963
sunlamp	moge2_inj - moge2	leakage	0.002193920837826819	0.0001559035048947635	0.0042644311502545934
sunlamp	moge2_inj - moge2	recall	-0.00015320709667906884	-0.0004046239709304122	6.0962563062702295e-05
sunlamp	moge2_inj - moge2	iou	-0.001190753319468288	-0.0032017635745179717	0.0009721016718200929
sunlamp	moge2_inj - moge2	boundary_f	-0.01130750458063752	-0.015561132073133659	-0.007092032386830649
sunlamp	dino_inj - dino	leakage	0.0016280152756872738	-0.0033910913971580054	0.007523080015392946
sunlamp	dino_inj - dino	recall	-0.0014409472079810665	-0.0033092689332853676	0.0009045997993447616
sunlamp	dino_inj - dino	iou	-0.003276236162412634	-0.008549117516487072	0.0013059514873321853
sunlamp	dino_inj - dino	boundary_f	0.008491614083701853	-0.00047780342785364195	0.017054062120344368
sunlamp	moge2_inj - and	leakage	0.45118395986782683	0.4410351828061491	0.4610901850011932
sunlamp	moge2_inj - and	recall	0.00583300290332093	0.0038413463612861306	0.008315807328036986
sunlamp	moge2_inj - and	iou	-0.3527804283194682	-0.36153744807215976	-0.3439486478749793
sunlamp	moge2_inj - and	boundary_f	-0.30004307778063755	-0.31541941125869766	-0.2855183196901696
