seed	domain	n	dino_mean_deg	vggt_mean_deg	spearman_err	both_lt10	dino_only_lt10	vggt_only_lt10	neither_lt10	oracle_of_two_acc@10	root_agree	L2_prefix_agree	pred_pred_dist_median_deg	agree_frac(dist<20)	dino_acc_when_agree	dino_acc_when_disagree	vggt_acc_when_disagree
0	lightbox	1000	76.71963658	101.325960989	0.29880931708431274	0.004	0.033	0.011	0.952	0.048	0.539	0.088	96.05371802106689	0.043	0.13953488372093023	0.03239289446185998	0.011494252873563218
0	sunlamp	1000	79.5486284	107.52790933	0.14477490120922593	0.0	0.015	0.002	0.983	0.017	0.547	0.038	109.15254912315638	0.016	0.0	0.01524390243902439	0.0010162601626016261
0	synthetic_val	1500	26.782909046666667	49.43273088666667	0.3004641307852958	0.04	0.18	0.072	0.708	0.292	0.804	0.38266666666666665	31.98945610340052	0.29	0.4	0.14647887323943662	0.04225352112676056
1	lightbox	1000	76.66872413000002	100.66866544	0.26949883392432344	0.001	0.025	0.007	0.967	0.033	0.526	0.067	100.26677006139138	0.04	0.15	0.020833333333333332	0.007291666666666667
1	sunlamp	1000	78.43143919	107.98011300000002	0.1810946252677608	0.0	0.017	0.0	0.983	0.017	0.495	0.046	108.98129556094706	0.017	0.0	0.017293997965412006	0.0
1	synthetic_val	1500	28.306314340000004	48.476733550000006	0.32340503050625813	0.04933333333333333	0.12933333333333333	0.07466666666666667	0.7466666666666667	0.25333333333333335	0.8113333333333334	0.3933333333333333	32.770562119491515	0.30333333333333334	0.3252747252747253	0.11483253588516747	0.03827751196172249
2	lightbox	1000	74.91629794	102.49908266	0.2591971835299582	0.001	0.045	0.007	0.947	0.053	0.496	0.074	99.69633900849746	0.045	0.1111111111111111	0.04293193717277487	0.0062827225130890054
2	sunlamp	1000	79.39941992	105.09145622000001	0.17154157554157554	0.0	0.013	0.006	0.981	0.019	0.47	0.045	114.6787536928928	0.016	0.0625	0.012195121951219513	0.006097560975609756
2	synthetic_val	1500	27.946426613333333	48.19124195	0.3115973668742005	0.046	0.15933333333333333	0.08466666666666667	0.71	0.29	0.8086666666666666	0.38133333333333336	32.604550196577506	0.29933333333333334	0.3363028953229399	0.1493815413891532	0.04281636536631779
