seed,method,domain,n,greedy_mean,greedy_median,greedy_leaf_acc,greedy_frac_0-2,greedy_frac_2.5-5,greedy_frac_5-10,greedy_frac_10-20,greedy_frac_20-45,greedy_frac_45-90,greedy_frac_90-180,top8_leaf_recall,best_of_8_mean,best_of_8_median,best_of_8_within_5,best_of_8_within_10,best_of_8_within_20,greedy_within_5,greedy_within_10,greedy_within_20,best_beam_rank_mean_if_not_0
0,A,synthetic_train_sample,12000,3.3454370397083593,2.818246282976262,0.6471666666666667,0.39725,0.45458333333333334,0.133,0.015083333333333334,8.333333333333333e-05,0.0,0.0,0.9909166666666667,2.4677959365584443,2.4393214357638824,0.9985,1.0,1.0,0.8518333333333333,0.9848333333333333,0.9999166666666667,1.8962739174219536
0,A,synthetic_val,11994,5.817654402236943,5.098127445651087,0.19551442387860596,0.10780390195097549,0.376021344005336,0.4358846089711522,0.07603801900950476,0.0026680006670001667,0.0005002501250625312,0.0010838752709688177,0.6118892779723195,3.4362427852679445,3.0335948791169343,0.8877772219443055,0.9923294980823745,0.9979989994997499,0.4838252459563115,0.9197098549274637,0.9957478739369685,3.2736359360301033
0,A,lightbox_val,1348,38.59499364730045,15.105485352105017,0.028189910979228485,0.01112759643916914,0.0771513353115727,0.21439169139465875,0.29896142433234424,0.16913946587537093,0.07640949554896143,0.15281899109792285,0.13353115727002968,27.619385266587397,8.662744312006854,0.2685459940652819,0.5608308605341247,0.7381305637982196,0.08827893175074183,0.3026706231454006,0.6016320474777448,3.882905982905983
0,A,lightbox_test,5392,39.28696393068443,14.922984341051976,0.02763353115727003,0.011683976261127596,0.061201780415430264,0.2323813056379822,0.3086053412462908,0.15560089020771514,0.06695103857566766,0.16357566765578635,0.1318620178041543,28.96994388618629,8.601843632533434,0.26520771513353114,0.5606454005934718,0.7461053412462908,0.07288575667655786,0.30526706231454004,0.6138724035608308,3.8894158223755118
0,A,lightbox,6740,39.14830240621285,14.966831301587419,0.027744807121661722,0.011572700296735905,0.06439169139465875,0.22893175074183977,0.30652818991097924,0.1583086053412463,0.06884272997032641,0.16142433234421366,0.13219584569732937,28.69943584550288,8.620958023428331,0.2658753709198813,0.5608308605341247,0.7445103857566766,0.07596439169139466,0.30489614243323443,0.6114243323442137,3.8884105390046497
0,A,sunlamp,2791,43.99676571541025,22.71672039188133,0.016481547832318165,0.006449301325689717,0.03762092439985668,0.12719455392332496,0.2737370118237191,0.2547474023647438,0.12862773199570046,0.17162307416696523,0.07560014331780723,29.683145004873598,12.81832875223108,0.15657470440702256,0.4030813328556073,0.6463633106413472,0.0440702257255464,0.17126477964887138,0.44500179147259045,3.948148148148148
0,B,synthetic_train_sample,12000,5.446706621071459,3.3795508959586935,0.4891666666666667,0.29391666666666666,0.41691666666666666,0.215,0.05533333333333333,0.00825,0.005083333333333333,0.0055,0.9218333333333333,2.8415336907537165,2.5093404986798156,0.9813333333333333,0.9918333333333333,0.9960833333333333,0.7108333333333333,0.9258333333333333,0.9811666666666666,2.5936917076479564
0,B,synthetic_val,11994,16.970688429414874,6.179731000430026,0.14357178589294647,0.07670501917625479,0.28072369518092377,0.4234617308654327,0.1152242788060697,0.014674003668500918,0.02276138069034517,0.0664498916124729,0.5134233783558446,9.778676404394124,3.3516833081054225,0.7731365682841421,0.9112889778222445,0.9339669834917459,0.3574287143571786,0.7808904452226113,0.896114724028681,3.488819271902344
0,B,lightbox_val,1348,41.69794289583648,10.214402344326064,0.06528189910979229,0.025222551928783383,0.15356083086053413,0.3108308605341246,0.18397626112759644,0.05192878338278932,0.06750741839762611,0.206973293768546,0.2818991097922849,27.02362498078886,5.344336585926856,0.46439169139465875,0.6921364985163204,0.7670623145400594,0.17878338278931752,0.4896142433234421,0.6735905044510386,3.7874779541446206
0,B,lightbox_test,5392,42.8367840031822,10.719023110551,0.06528189910979229,0.030786350148367954,0.13538575667655786,0.3060089020771513,0.18564540059347182,0.05637982195845697,0.06287091988130564,0.22292284866468842,0.2587166172106825,27.693978274620655,5.59238032217234,0.45586053412462907,0.6793397626112759,0.7626112759643917,0.1661721068249258,0.47218100890207715,0.6578264094955489,3.8762075937991463
0,B,lightbox,6740,42.60842460739577,10.637918985474995,0.06528189910979229,0.02967359050445104,0.13902077151335313,0.306973293768546,0.18531157270029674,0.055489614243323444,0.06379821958456973,0.21973293768545993,0.263353115727003,27.570426892190685,5.525739447842994,0.457566765578635,0.6817507418397626,0.7633531157270029,0.16869436201780416,0.4756676557863502,0.6609792284866469,3.8589077887197853
0,B,sunlamp,2791,60.02900162671978,17.559744700038284,0.0347545682551057,0.017198136868505912,0.07452525976352561,0.2121103547115729,0.22250089573629522,0.07022572554639914,0.07774991042637047,0.32568971694733073,0.16660695091365102,40.701231175263196,9.075024190549808,0.2934432103188821,0.5284844141884629,0.6503045503403798,0.09172339663203152,0.30383375134360446,0.5263346470798996,4.046550290939319
0,"PoE(A,B)",synthetic_train_sample,12000,3.447068934277034,2.9932199642979413,0.578,0.3505,0.493,0.14391666666666666,0.012083333333333333,0.0005,0.0,0.0,0.9793333333333333,2.4787826974133242,2.4478192451360212,0.9974166666666666,0.9999166666666667,1.0,0.8435,0.9874166666666667,0.9995,2.117464263517713
0,"PoE(A,B)",synthetic_val,11994,5.644956482337496,4.682430888577517,0.23403368350842088,0.1306486576621644,0.4227113556778389,0.3855260963815241,0.051108887777221945,0.00591962647990662,0.002001000500250125,0.00208437552109388,0.6933466733366683,3.276069311426823,2.8574533415735983,0.9183758545939636,0.9907453726863432,0.9979156244789061,0.5533600133400033,0.9388861097215274,0.9899949974987494,3.1485148514851486
0,"PoE(A,B)",lightbox_val,1348,27.490136750045153,9.500723399773193,0.06899109792284866,0.03412462908011869,0.15949554896142434,0.3375370919881306,0.2403560830860534,0.07047477744807122,0.04673590504451038,0.11127596439169139,0.2841246290801187,18.0405548618513,5.206025326370627,0.4792284866468843,0.7403560830860534,0.8523738872403561,0.19362017804154302,0.5311572700296736,0.771513353115727,3.684968496849685
0,"PoE(A,B)",lightbox_test,5392,27.426230880410213,9.200858919762865,0.0663946587537092,0.026520771513353116,0.1474406528189911,0.3672106824925816,0.23015578635014836,0.0751112759643917,0.04506676557863502,0.10849406528189912,0.28171364985163205,17.37751606594764,5.184079634040374,0.4797848664688427,0.7553783382789317,0.859606824925816,0.1739614243323442,0.5411721068249258,0.7713278931750742,3.7128182224207236
0,"PoE(A,B)",lightbox,6740,27.43882896507368,9.265148327418553,0.06706231454005934,0.028189910979228485,0.1497032640949555,0.3612759643916914,0.23219584569732937,0.07418397626112759,0.04540059347181009,0.10905044510385757,0.28219584569732936,17.488771571917873,5.19138945392254,0.4798219584569733,0.752373887240356,0.858160237388724,0.17789317507418398,0.5391691394658754,0.7713649851632047,3.7076400071569156
0,"PoE(A,B)",sunlamp,2791,37.19060774787088,13.362876876189054,0.042278753135077035,0.01683984235041204,0.09100680759584379,0.2508061626657112,0.2920100322465066,0.11644571838050878,0.07237549265496238,0.1605159441060552,0.1909709781440344,23.259662494564925,7.393846550821289,0.34002149767108564,0.6155499820852741,0.7785739878179864,0.10784664994625583,0.358652812611967,0.6506628448584737,3.874790619765494
