domain,moge2,dino,frac_images,and_leakage,and_recall,moge2_leakage,dino_leakage
synthetic_val,MoGe-2 right,DINO right,0.3778555944638986,0.00011397405858615737,0.9773916184689392,0.0007519215906585094,0.02333081034318343
synthetic_val,MoGe-2 right,DINO wrong,0.11138902784725696,0.0006225558302781337,0.9535927482696027,0.0013749733299985483,0.21809617424961403
synthetic_val,MoGe-2 wrong,DINO right,0.316074704018676,0.0076305236616796,0.9951577183914584,0.5521257665661479,0.009282649669675038
synthetic_val,MoGe-2 wrong,DINO wrong,0.19468067367016842,0.3178435466832232,0.8570043603129762,0.5545287731888929,0.3905698694493539
lightbox,MoGe-2 right,DINO right,0.06305637982195846,0.0006189462027664131,0.9893731332550658,0.004635065981104629,0.03008830043595258
lightbox,MoGe-2 right,DINO wrong,0.025816023738872405,0.008012385988164254,0.9792460686301314,0.011182481863480908,0.2604121031041784
lightbox,MoGe-2 wrong,DINO right,0.5443620178041543,0.02305360252038017,0.9947841206195664,0.5513534635748769,0.023925434451533185
lightbox,MoGe-2 wrong,DINO wrong,0.36676557863501486,0.3027975914123427,0.9452383004174608,0.6011356261653918,0.32517495337220964
sunlamp,MoGe-2 right,DINO right,0.0032246506628448583,0.0020191937474623354,0.9892527643831812,0.031923738049892555,0.037128377671013214
sunlamp,MoGe-2 right,DINO wrong,0.0007165890361877463,0.007952973720608575,0.9975401292474464,0.010008894773240153,0.34236297881985783
sunlamp,MoGe-2 wrong,DINO right,0.6646363310641347,0.023424413262668375,0.9929877029058869,0.5494275397258525,0.02384532894187278
sunlamp,MoGe-2 wrong,DINO wrong,0.3314224292368327,0.31498856609769554,0.9945193178695371,0.6178236233080698,0.3278562796149877
