domain,method,n,leakage,recall,iou,precision,boundary_f,tip_coverage,area
synthetic_val,moge2,11994,0.2829062981045584,0.9874981348927321,0.5750618621943531,0.5848381296668045,0.48108279787963315,0.9156800622533489,0.5799708960884143
synthetic_val,dino,11994,0.11207961408494006,0.9683168724149418,0.6189208119028908,0.6227034557710522,0.46157563165473564,0.7162192207214717,0.3694359658524174
synthetic_val,and,11994,0.06440222292225427,0.956919027709041,0.779188526366307,0.7931266465585277,0.774000748348637,0.6725029181257295,0.2911145431493443
synthetic_val,or,11994,0.3191553663208155,0.998895979598633,0.42711879429760774,0.4275121768401018,0.16890606271102876,0.9593963648490912,0.6582923187914873
synthetic_val,avg,11994,0.28196272417159784,0.9910494679711827,0.5662884898588539,0.5727357925245762,0.47848957703151873,0.9198488132955365,0.5830572944129722
lightbox,moge2,6740,0.5211926974218526,0.9977382466118663,0.29335237620619986,0.2943600499917087,0.09885476843036292,0.9601879327398615,0.8896034598236058
lightbox,dino,6740,0.14090714204216387,0.977832475883534,0.5643011683190337,0.5667168209319174,0.3219714764224089,0.7815529179030664,0.4093949752142069
lightbox,and,6740,0.12385111586301219,0.975870091210712,0.6005392982657451,0.6041158411795987,0.39881984989270214,0.7608308605341246,0.3865633798848171
lightbox,or,6740,0.5321343763547255,0.9997006312846881,0.26335875524704117,0.263402872315992,0.022197459852445374,0.9809099901088033,0.9124350551529956
lightbox,avg,6740,0.5201399562778872,0.9981865228090956,0.2920150486910813,0.292706463124423,0.0966670425381479,0.9637982195845697,0.8891633413026467
sunlamp,moge2,2791,0.5700402254329691,0.9996151947017282,0.23884412448080952,0.23890207822367018,0.03921621159147786,0.9863848083124328,0.9589626496939577
sunlamp,dino,2791,0.12487245617617931,0.993822032795151,0.5800060519120697,0.5837483423493139,0.2929204598272317,0.6354950435924996,0.4125983837750423
sunlamp,and,2791,0.1199752020543843,0.9934865328046169,0.5872014305195566,0.5910396236922572,0.3175110096277197,0.6304789203391854,0.4036015011205536
sunlamp,or,2791,0.5721103627430697,0.9999506946922624,0.2348647074881485,0.23487094950902124,0.010036346908573248,0.991400931565747,0.9679595323484464
sunlamp,avg,2791,0.5691446310623259,0.9996759621360237,0.23913314767417934,0.2391786850037704,0.036757121872456215,0.9861459453003701,0.9578233176187991
synthetic_train,moge2,47966,0.28287819725949426,0.9876407196897327,0.5755445829314856,0.5851525722153367,0.48258822200526413,0.9139042933188786,0.5790178386644521
synthetic_train,dino,47966,0.1111836190025198,0.9684085288995543,0.6190109578876211,0.6227437702741377,0.4624225071752869,0.7183213109285744,0.3684947681927243
synthetic_train,and,47966,0.06408940471919986,0.9570762233058545,0.7792413586127585,0.7930340250569932,0.7756231904964845,0.6748599702567095,0.2903654903535731
synthetic_train,or,47966,0.31866783899528084,0.9989730252834325,0.427622105087709,0.42800192059355885,0.16993493823423342,0.9573656339907433,0.6571471165036031
synthetic_train,avg,47966,0.28188690538913325,0.9911658350759863,0.5668169525824458,0.5731357595829886,0.4797918672100563,0.9167465843861624,0.5820907367822356
