grid,level,n,nearest_mean_deg,nearest_median_deg,nearest_p95_deg,nearest_max_deg,decoded_mean_deg,decoded_median_deg,decoded_p95_deg,decoded_max_deg,voronoi_occupancy_cv,nn_spacing_cv,nn_min_deg,search_nodes_greedy_tree,search_nodes_flat
tesseract,L1,32,39.276238851901915,39.847024103722376,59.624090077534674,81.16597005417094,39.27623885190182,39.847024103722276,59.624090077534646,81.1659700541709,0.004210227547294801,2.0517907914653832e-16,62.00543826774801,12,32
super_fibonacci@tess_count,L1,32,38.76580962868681,39.5263963791578,57.19872208805864,76.35704404864588,,,,,0.1361259776530549,0.1750604795840582,42.92588366521321,n/a (flat),32
tesseract,L2,256,19.634663039034127,19.709234235721226,30.280759378333475,46.20584020021386,19.954625812314024,19.851693927226393,31.42935254600744,46.2058402002138,0.373077028743395,0.1806144134848147,24.76159783428745,20,256
super_fibonacci@tess_count,L2,256,19.167087638160968,19.494927954904682,28.153877153840458,37.47275060828674,,,,,0.045982591488518784,0.06630737107607573,25.815806933601102,n/a (flat),256
tesseract,L3,2048,9.876803302219502,9.82503645825869,15.519660139521314,23.812518188870627,10.01117375576368,9.951247364667466,15.833344766258232,23.812518188870627,0.510127881316048,0.20888735059426441,11.160870519587084,28,2048
super_fibonacci@tess_count,L3,2048,9.526135342877982,9.785506987552097,13.718762545810371,18.258930582681312,,,,,0.05039917713613983,0.09659402049129796,12.914787364050984,n/a (flat),2048
tesseract,L4,16384,4.9487645813648,4.906579403764148,7.807523839510788,11.809165242666367,5.0115628481303345,4.976080790479165,7.921070591781147,11.831071908760611,0.565760517646822,0.21280062703809258,5.311677104954711,36,16384
super_fibonacci@tess_count,L4,16384,4.679139537039243,4.792281871906088,6.723066930679463,8.532912359939067,,,,,0.1282090932188509,0.05242589835790154,5.325463744563992,n/a (flat),16384
tesseract,L5,131072,2.4745572323866605,2.451004896959796,3.9144036557907644,5.857232475753916,2.5055598205910057,2.487862938550066,3.965666594068077,5.899714034015006,0.6696984923501023,0.2055285609045871,2.5927174096082517,44,131072
super_fibonacci@tess_count,L5,131072,2.471635436596658,2.4844746806863673,3.7614933590072335,4.518774382915633,,,,,0.36231145019720257,0.0703969988120017,2.863532660486133,n/a (flat),131072
hopf,r0,72,28.363792305389076,29.21506869265838,40.57587340693964,55.71303967490282,,,,,0.05105129545858754,0.013911361250986175,58.2635353552185,72,72
hopf,r1,576,14.09560945191418,14.563116766822798,19.90283054624559,27.494690147496062,,,,,0.03736584108514085,0.028453079456072325,27.83626751939329,80,576
hopf,r2,4608,7.040032522504772,7.280341048309004,9.902868048341919,13.528980498491821,,,,,0.0693561004670822,0.06283317513870934,12.670569127766262,88,4608
hopf,r3,36864,3.519653701465472,3.640245522195576,4.946014674423844,6.665401638204955,,,,,0.19160810137361103,0.0635334252897732,6.090109111736155,96,36864
hopf,r4,294912,1.7597103444770692,1.8205650507121727,2.470818889503823,3.2403952842113632,,,,,0.5426902293721529,0.06198489115358214,2.982787869552014,104,294912
