method,domain,latency_ms_per_image,n,mean_deg,median_deg,p95_deg,acc@1,acc@3,acc@5,acc@10,acc@20,leaf_mean_deg,leaf_median_deg,best_of_M_mean_deg,sample_mean_deg,any_sample_within_5,any_sample_within_10,any_sample_within_20,spread_deg,coverage@0.5,coverage@0.8,coverage@0.9,coverage@0.95,mean_deg_std
A,lightbox_test,1.993475575829118,5392.0,45.945108370367905,14.85493122486302,172.2130456598568,0.001112759643916914,0.012054896142433234,0.056565281899109796,0.27874629080118696,0.6179525222551929,43.56447219848633,10.443151473999023,42.09022521972656,46.72689437866211,0.13705489614243324,0.4642062314540059,0.6645029673590505,7.395671367645264,0.15782640949554896,0.3369807121661721,0.40114985163204747,0.4274851632047478,nan
A,lightbox_val,1.7184017320061296,1348.0,44.83441840803961,14.260650350161761,171.1886706257209,0.0,0.009643916913946587,0.05637982195845697,0.2997032640949555,0.6231454005934718,42.64912033081055,9.837282180786133,40.92755126953125,45.72058868408203,0.13501483679525222,0.4970326409495549,0.6698813056379822,7.465701580047607,0.17507418397626112,0.3649851632047478,0.4332344213649852,0.4577151335311573,nan
A,sunlamp,1.8791823522116027,2791.0,62.059080912160795,21.207403342290686,175.43803894727196,0.0,0.007524184879971337,0.02830526692941598,0.17950555356503045,0.4811895378000717,60.27827072143555,17.63275146484375,57.75679016113281,62.60006332397461,0.09136510211393765,0.33178072375492657,0.5352920100322465,7.365534782409668,0.09673951988534575,0.2228591902543891,0.27445360085990683,0.2977427445360086,nan
A,synthetic_val,2.006259047231695,11994.0,20.499538757886906,10.344466241056669,102.75719127211852,0.0017508754377188595,0.02734700683675171,0.10588627647156912,0.4743204935801234,0.8735200933800233,16.812782287597656,5.888616561889648,17.379297256469727,21.72575569152832,0.23803568450892112,0.7347006836751709,0.896781724195431,7.402557373046875,0.2834750708687677,0.5522761380690345,0.6418209104552276,0.6730031682507921,nan
B,lightbox_test,1.923629234735619,5392.0,45.86936692525175,14.942148864237346,172.33348025977202,0.000556379821958457,0.013538575667655787,0.05934718100890208,0.27781899109792285,0.6211053412462908,43.56447219848633,10.443151473999023,41.97005081176758,46.66808319091797,0.1396513353115727,0.46958456973293766,0.6652448071216617,7.371088027954102,0.16283382789317508,0.3395771513353116,0.3981824925816024,0.42618694362017806,nan
B,lightbox_val,2.0429129416581784,1348.0,44.912265461117556,14.780884560532344,170.46939887827455,0.001483679525222552,0.012611275964391691,0.05934718100890208,0.2841246290801187,0.6320474777448071,42.64912033081055,9.837282180786133,41.1407585144043,45.801719665527344,0.1446587537091988,0.4658753709198813,0.6698813056379822,7.380368232727051,0.1661721068249258,0.34124629080118696,0.4065281899109792,0.42952522255192876,nan
B,sunlamp,1.961662964938747,2791.0,61.98075747634195,21.29630921408545,175.9945061315003,0.0010748835542816195,0.007882479398065209,0.039412396990326046,0.194912217843067,0.47975635972769615,60.27827072143555,17.63275146484375,57.874305725097656,62.666831970214844,0.09387316374059478,0.3267646005016123,0.5378000716589036,7.421785354614258,0.1160874238624149,0.24220709423145825,0.2862773199570047,0.30777499104263706,nan
B,synthetic_val,1.9573228685621702,11994.0,20.527687724578897,10.3131045342191,102.96657913824708,0.001167250291812573,0.024262131065532766,0.09988327497081874,0.4793229948307487,0.8726863431715858,16.812782287597656,5.888616561889648,17.405744552612305,21.73880958557129,0.23778555944638985,0.7261964315491078,0.8969484742371185,7.371108531951904,0.27772219443054863,0.5486076371519093,0.6337335334333833,0.6673336668334167,nan
fused,lightbox_test,3.9059594052481725,5392.0,45.959644854738556,14.755431621865704,172.50509903506733,0.000370919881305638,0.013724035608308606,0.05137240356083086,0.27577893175074186,0.6170252225519288,43.56447219848633,10.443151473999023,42.025386810302734,46.750404357910156,0.13334569732937684,0.47125370919881304,0.6641320474777448,7.412416458129883,0.1583827893175074,0.33456973293768544,0.3983679525222552,0.42563056379821956,nan
fused,lightbox_val,3.9630104243224733,1348.0,45.085353638380646,14.72657113347201,170.8042871234921,0.002967359050445104,0.014094955489614243,0.06008902077151335,0.28635014836795253,0.6224035608308606,42.64912033081055,9.837282180786133,41.14680480957031,45.81660461425781,0.14910979228486648,0.4658753709198813,0.6728486646884273,7.3539910316467285,0.1572700296735905,0.35014836795252224,0.4094955489614243,0.4332344213649852,nan
fused,sunlamp,3.903437241650277,2791.0,62.02246115311269,21.232809138871684,175.77122618419173,0.0007165890361877463,0.009315657470440702,0.038337513436044426,0.18595485489072017,0.47903977069150844,60.27827072143555,17.63275146484375,57.80149841308594,62.56477737426758,0.09100680759584379,0.3199570046578287,0.5385166606950914,7.399823188781738,0.10713006091006808,0.2350412038695808,0.28771049802938015,0.3056252239340738,nan
fused,synthetic_val,3.8919134578924286,11994.0,20.538264458495053,10.388527366788296,101.67400651497816,0.0010005002501250625,0.023428380857095213,0.0967983991995998,0.468317492079373,0.8745205936301484,16.812782287597656,5.888616561889648,17.417510986328125,21.740234375,0.2339503084875771,0.7267800566950142,0.897448724362181,7.366509914398193,0.2736368184092046,0.5441053860263465,0.632482908120727,0.6648324162081041,nan
