beam,method,domain,mean_deg,median_deg,acc@1,acc@5,acc@10,acc@20,discrete_mean_deg,nodes_per_branch,mean_deg_std
1,A,lightbox,41.76317531737876,14.211190682534166,0.0011374876360039565,0.08738872403560831,0.339515331355094,0.6172601384767558,41.76317531737876,44.0,0.5661867672292603
1,A,sunlamp,53.42814854498574,25.777840420915595,0.00011943150603129105,0.03857637644810701,0.1777140809745611,0.4120386958079541,53.42814854498574,44.0,0.764773773414566
1,A,synthetic_val,6.639486240504001,5.3091280880993965,0.006920126730031682,0.4522816964037574,0.91326218664888,0.9879939969984992,6.639486240504001,44.0,0.15771189531760066
1,B,lightbox,44.71755576444698,11.987615532705275,0.002769535113748764,0.14312561819980218,0.4298219584569733,0.6265084075173096,44.71755576444698,44.0,0.7711455271438571
1,B,sunlamp,61.9610075971888,22.967183509171264,0.0011943150603129105,0.07798877343843306,0.2686014570643736,0.47426251045025675,61.9610075971888,44.0,0.9591219702018159
1,B,synthetic_val,17.790747170323062,6.312629090346872,0.005336001334000334,0.34258796064699015,0.7737757767772776,0.883191595797899,17.790747170323062,44.0,0.30833770472111516
1,"PoE(A,B)",lightbox,31.068103758388087,10.402090267479636,0.0021760633036597425,0.1530168150346192,0.47893175074183975,0.7290801186943621,31.068103758388087,44.0,0.28283291615373357
1,"PoE(A,B)",sunlamp,43.744929479964064,17.004157953427566,0.0002388630120625821,0.0814522871133405,0.290099128150006,0.5534455989490027,43.744929479964064,44.0,0.8203728494696989
1,"PoE(A,B)",synthetic_val,6.2417118987719205,4.997529432306294,0.008476460452448447,0.5006392084931355,0.9321883163804124,0.9892446223111556,6.2417118987719205,44.0,0.07227036301633978
2,A,lightbox,41.674524445859774,14.256262181018,0.0011869436201780415,0.08822947576656776,0.3388229475766568,0.6173095944609298,41.674524445859774,84.0,0.48721543443968846
2,A,sunlamp,53.06464309299866,25.76391227717038,0.00011943150603129105,0.039531828496357335,0.17819180699868623,0.4132330108682671,53.06464309299866,84.0,0.7059344270664987
2,A,synthetic_val,6.670785579091343,5.302739600636565,0.006892335056417097,0.45269857150797616,0.9129842699127342,0.9875771218942805,6.670785579091343,84.0,0.137684160701329
2,B,lightbox,44.73553324747197,12.010814576624284,0.0028684470820969335,0.14381800197823938,0.42888229475766565,0.6279426310583581,44.73553324747197,84.0,0.8904466043336792
2,B,sunlamp,61.5993394333176,22.65645500610415,0.0011943150603129105,0.07655559536605756,0.2715872447151559,0.4756956885226323,61.5993394333176,84.0,0.4022162613991714
2,B,synthetic_val,17.81900862758175,6.304992830741696,0.005141459618698239,0.34256016897337555,0.7746095269857151,0.8826079706519927,17.81900862758175,84.0,0.28553188395585694
2,"PoE(A,B)",lightbox,31.05544160604778,10.39974809416895,0.0021760633036597425,0.15356083086053413,0.4794757665677547,0.7283382789317508,31.05544160604778,84.0,0.28732607511173236
2,"PoE(A,B)",sunlamp,43.65332503473591,16.90714643820274,0.0002388630120625821,0.08169115012540308,0.29033799116206854,0.5567896811178789,43.65332503473591,84.0,0.7750377280925744
2,"PoE(A,B)",synthetic_val,6.245294129774401,5.001553575577504,0.008420877105219276,0.49994441665277084,0.9318270246234229,0.9891890389639264,6.245294129774401,84.0,0.07666073692726405
4,A,lightbox,41.70003338009507,14.271018387166947,0.0011869436201780415,0.08827893175074185,0.338971315529179,0.6168150346191889,41.70003338009507,164.0,0.4474111780509567
4,A,sunlamp,53.15005868347143,25.774478517934288,0.00011943150603129105,0.03965126000238863,0.17819180699868623,0.4128747163501732,53.15005868347143,164.0,0.5849403247493592
4,A,synthetic_val,6.66703361451621,5.304095420559549,0.006892335056417097,0.45253182146628873,0.9131510199544216,0.9875771218942805,6.66703361451621,164.0,0.13323556962390487
4,B,lightbox,44.71121317406243,12.00888453703575,0.0028684470820969335,0.14347181008902077,0.42888229475766565,0.6281404549950544,44.71121317406243,164.0,0.7621593382527997
4,B,sunlamp,61.892127978046595,22.734090740613862,0.0011943150603129105,0.07715275289621402,0.2703929296548429,0.47474023647438196,61.892127978046595,164.0,0.6196086769368471
4,B,synthetic_val,17.817596859124194,6.311307254930153,0.005141459618698239,0.34205991884831305,0.7744705686176422,0.8827469290200657,17.817596859124194,164.0,0.2509049960929372
4,"PoE(A,B)",lightbox,31.02745086079374,10.399938835474744,0.0021760633036597425,0.15356083086053413,0.4795252225519288,0.7283382789317508,31.02745086079374,164.0,0.2336281352133897
4,"PoE(A,B)",sunlamp,43.64444605554965,16.898927081547434,0.0002388630120625821,0.08169115012540308,0.29033799116206854,0.5571479756359728,43.64444605554965,164.0,0.7255801952661564
4,"PoE(A,B)",synthetic_val,6.248395064177708,5.001954296295782,0.008420877105219276,0.49991662497915623,0.9318270246234229,0.9891890389639264,6.248395064177708,164.0,0.07776372829947764
8,A,lightbox,41.69998083644347,14.270280510130325,0.0011869436201780415,0.08827893175074185,0.338971315529179,0.6168150346191889,41.69998083644347,292.0,0.447489443561497
8,A,sunlamp,53.14589019797364,25.782413193412527,0.00011943150603129105,0.03965126000238863,0.17819180699868623,0.4128747163501732,53.14589019797364,292.0,0.5825686543958473
8,A,synthetic_val,6.66703361451621,5.304095420559549,0.006892335056417097,0.45253182146628873,0.9131510199544216,0.9875771218942805,6.66703361451621,292.0,0.13323556962390487
8,B,lightbox,44.726328970623534,12.014452257259897,0.0028684470820969335,0.14347181008902077,0.4288328387734916,0.6281404549950543,44.726328970623534,292.0,0.7785952636306033
8,B,sunlamp,61.986594041072124,22.78757283192196,0.0011943150603129105,0.07715275289621402,0.2702734981488117,0.4743819419562881,61.986594041072124,292.0,0.6877687831346116
8,B,synthetic_val,17.825810216244964,6.311794261228369,0.005141459618698239,0.34205991884831305,0.7745261519648713,0.8826635539992219,17.825810216244964,292.0,0.2752899285996885
8,"PoE(A,B)",lightbox,31.02745086079374,10.399938835474744,0.0021760633036597425,0.15356083086053413,0.4795252225519288,0.7283382789317508,31.02745086079374,292.0,0.2336281352133897
8,"PoE(A,B)",sunlamp,43.64444605554965,16.898927081547434,0.0002388630120625821,0.08169115012540308,0.29033799116206854,0.5571479756359728,43.64444605554965,292.0,0.7255801952661564
8,"PoE(A,B)",synthetic_val,6.248395064177708,5.001954296295782,0.008420877105219276,0.49991662497915623,0.9318270246234229,0.9891890389639264,6.248395064177708,292.0,0.07776372829947764
