features	seed	domain	beam	nodes_scored_per_image	head_ms_per_image	root_acc	path_acc_L1	path_acc_L2	path_acc_L3	path_acc_L4	path_acc_L5	full_path_acc	top1_leaf_recall	L1_mean_deg	L1_median_deg	L2_mean_deg	L2_median_deg	L3_mean_deg	L3_median_deg	L4_mean_deg	L4_median_deg	L5_mean_deg	L5_median_deg	n	mean_deg	median_deg	p95_deg	acc@1	acc@3	acc@5	acc@10	acc@20	top5_leaf_recall
dinov3_vitb16:grid4	1	synthetic_val	1	44	0.182156244913737	0.8933333333333333	0.7546666666666667	0.5533333333333333	0.2653333333333333	0.06133333333333333	0.012	0.012	0.012	49.82848557328955	42.44037543869287	34.926837076568724	24.133498873941978	30.770130822256192	19.271603672126624	29.907933495791756	18.258035875889632	29.454907829859987	17.62900624132258	1500	29.454907829859987	17.62900624132258	112.8852128966473	0.0006666666666666666	0.01	0.034666666666666665	0.18733333333333332	0.576	
dinov3_vitb16:grid4	1	lightbox	1	44	0.17768597602844238	0.58	0.334	0.173	0.044	0.008	0.001	0.001	0.001	86.19378755297207	74.0598491151112	81.90072853936728	75.88291569974648	80.564642243762	74.98807237026884	79.79733244789007	71.8242544381826	79.32529186331308	71.07603010538139	1000	79.32529186331308	71.07603010538139	170.51098508805885	0.0	0.002	0.005	0.028	0.116	
dinov3_vitb16:grid4	1	sunlamp	1	44	0.18549323081970215	0.588	0.297	0.14	0.046	0.011	0.0	0.0	0.0	91.47584256513832	83.12867687900503	85.98737510831575	77.55908222291258	84.62252853504073	75.47467760370212	84.04039771015813	76.54589912609364	83.70858051359389	75.61611679605207	1000	83.70858051359389	75.61611679605207	170.8266393641639	0.0	0.0	0.002	0.021	0.104	
dinov3_vitb16:grid4	1	synthetic_val	2	84	0.21197001139322919	0.894	0.752	0.5486666666666666	0.2633333333333333	0.062	0.012	0.012	0.012	49.94693981179289	42.44037543869287	35.187281757968776	24.19833452617165	31.00147888697329	19.4711730635419	30.122426485285025	18.49366104827439	29.653701114526115	17.70057958419371	1500	29.653701114526115	17.70057958419371	114.60336281289895	0.0006666666666666666	0.01	0.035333333333333335	0.184	0.572	
dinov3_vitb16:grid4	1	lightbox	2	84	0.18949103355407715	0.58	0.328	0.167	0.047	0.007	0.0	0.0	0.0	86.87849058955145	75.76553312587903	82.68633422490113	77.33097817692123	81.23947594579657	75.76911329815795	80.4454147608369	72.65938954303584	79.88482536155767	73.81829864181536	1000	79.88482536155767	73.81829864181536	168.81942147553133	0.0	0.001	0.005	0.032	0.116	
dinov3_vitb16:grid4	1	sunlamp	2	84	0.20903396606445312	0.591	0.299	0.137	0.041	0.012	0.0	0.0	0.0	91.7925763974271	83.59230686165532	86.03834456467736	77.55908222291258	84.63163101391805	75.77753188146326	84.06333773745426	76.95476356771456	83.74156105746779	75.91168438748217	1000	83.74156105746779	75.91168438748217	170.8266393641639	0.0	0.0	0.002	0.021	0.098	
dinov3_vitb16:grid4	1	synthetic_val	4	164	0.18886582056681314	0.8933333333333333	0.7513333333333333	0.548	0.26466666666666666	0.06266666666666666	0.012	0.012	0.012	50.05766076879843	42.474228734252264	35.34209960239526	24.21443016157177	31.14971406587294	19.414944562214053	30.255262157607408	18.490218348640468	29.768898722214672	17.64780920749208	1500	29.768898722214672	17.64780920749208	115.76630760137017	0.0006666666666666666	0.01	0.034666666666666665	0.18466666666666667	0.572	
dinov3_vitb16:grid4	1	lightbox	4	164	0.20267963409423828	0.58	0.329	0.169	0.047	0.007	0.0	0.0	0.0	86.69944159458575	74.96289171787349	82.32481125166912	76.37669684763016	80.9959048454855	75.60677372140918	80.20308236697412	72.40493572100826	79.65290956453937	71.72290750205059	1000	79.65290956453937	71.72290750205059	168.42574121248177	0.0	0.001	0.005	0.033	0.115	
dinov3_vitb16:grid4	1	sunlamp	4	164	0.18127083778381348	0.589	0.299	0.136	0.041	0.012	0.0	0.0	0.0	91.80201167471746	83.59230686165532	86.07094768473542	77.62227884531549	84.6652649189686	76.43866940359595	84.1514033447337	77.06690109342921	83.82666330266089	76.54898897206982	1000	83.82666330266089	76.54898897206982	170.8266393641639	0.0	0.0	0.002	0.021	0.099	
dinov3_vitb16:grid4	1	synthetic_val	8	292	0.19667593638102215	0.8933333333333333	0.7513333333333333	0.548	0.26466666666666666	0.06266666666666666	0.012	0.012	0.012	50.05766076879843	42.474228734252264	35.34209960239526	24.21443016157177	31.14971406587294	19.414944562214053	30.255262157607408	18.490218348640468	29.768898722214672	17.64780920749208	1500	29.768898722214672	17.64780920749208	115.76630760137017	0.0006666666666666666	0.01	0.034666666666666665	0.18466666666666667	0.572	0.03266666666666666
dinov3_vitb16:grid4	1	lightbox	8	292	0.18723154067993164	0.58	0.329	0.169	0.047	0.007	0.0	0.0	0.0	86.69944159458575	74.96289171787349	82.32481125166912	76.37669684763016	80.9959048454855	75.60677372140918	80.20308236697412	72.40493572100826	79.65290956453937	71.72290750205059	1000	79.65290956453937	71.72290750205059	168.42574121248177	0.0	0.001	0.005	0.033	0.115	0.003
dinov3_vitb16:grid4	1	sunlamp	8	292	0.20763468742370605	0.589	0.299	0.136	0.041	0.012	0.0	0.0	0.0	91.80201167471746	83.59230686165532	86.07094768473542	77.62227884531549	84.6652649189686	76.43866940359595	84.1514033447337	77.06690109342921	83.82666330266089	76.54898897206982	1000	83.82666330266089	76.54898897206982	170.8266393641639	0.0	0.0	0.002	0.021	0.099	0.011
